{
  "ars_properties" : {
    "tags" : [ ]
  },
  "ars_public" : false,
  "ars_relationships" : [ ],
  "controllers" : {
    "client" : { },
    "dataStream" : {
      "DataStreamIssueResolution" : {
        "onDataArrived" : "RELOCATED to controllers/dataStream/DataStreamIssueResolution/onDataArrived.js"
      }
    },
    "page" : {
      "Start" : {
        "onStart" : "RELOCATED to controllers/page/Start/onStart.js",
        "widgets" : {
          "Button6" : {
            "onClick" : "RELOCATED to controllers/page/Start/widgets/Button6/onClick.js"
          }
        }
      }
    }
  },
  "isComponent" : false,
  "isLaunchable" : false,
  "models" : {
    "dataObjects" : {
      "__GLOBAL__" : {
        "properties" : {
          "scrollPos" : {
            "defaultLabel" : "scrollPos",
            "defaultValue" : 0,
            "type" : "Integer"
          }
        }
      },
      "__PARAMETERS__" : {
        "properties" : { }
      }
    },
    "dataStreams" : [ {
      "advancedWhereClause" : null,
      "dataObjectName" : null,
      "dataTypeList" : [ ],
      "isDeleteOp" : false,
      "isInsertOp" : false,
      "isUpdateOp" : false,
      "maxRecords" : 100,
      "name" : "DataStreamIssueResolution",
      "pauseAtStartup" : false,
      "property" : null,
      "service" : "com.vantiq.pumpAssistant.IssueManagement",
      "serviceEventName" : "OutboundIssueResolution",
      "sortByProperty" : null,
      "sortDescending" : false,
      "type" : 8,
      "updateInterval" : 60,
      "uuid" : "a945791b-21be-4a5f-a96e-d2df7ef8a2b1",
      "v" : 1
    } ]
  },
  "name" : "com.vantiq.pumpAssistant.DeviceIssue",
  "options" : {
    "RELOCATE" : [ {
      "path" : "controllers",
      "type" : "js"
    }, {
      "path" : "views",
      "type" : "json"
    } ],
    "activeTab" : "edit",
    "applyCSSwhileEditing" : true,
    "badgeCount" : 0,
    "componentConfiguration" : {
      "configurationProperties" : [ ]
    },
    "description" : "",
    "displayName" : "Device Issues",
    "docAssets" : [ "public/component/images/spinner.gif" ],
    "documentAssetLabels" : [ null ],
    "documentAssets" : [ "../../docs/public/component/images/spinner.gif" ],
    "offlineAssets" : [ "../../docs/public/component/images/spinner.gif" ],
    "productV" : "7.12e",
    "showCategoryButtons" : true,
    "showCategoryComponent" : true,
    "showCategoryDataDisplay" : true,
    "showCategoryDataInput" : true,
    "showCategoryLayout" : true,
    "showGridWhileEditing" : false,
    "theme" : {
      "backgroundColor" : "#ffffff",
      "bgImgPosition" : "center",
      "bgImgRepeat" : "no-repeat",
      "bgImgSize" : "auto",
      "borderColor" : "#d3d6db",
      "cardAccentColor" : "#ffffff",
      "cardColor" : "#3c424d",
      "dataDisplayColor" : "#ffffff",
      "dataDisplayColors" : [ "#3cbce1", "#996db8", "#86d557", "#ff9800", "#425b71", "#cc467c", "#01aa93", "#ffca28", "#f583a9", "#1c84d4", "#ff6767", "#4caf50" ],
      "dataInputColor" : "#ffffff",
      "foregroundColor" : "#566076",
      "label" : "Light",
      "name" : "light",
      "titleBarColor" : "#dddddd",
      "titleForegroundColor" : "#1f1d17"
    },
    "themeName" : "light",
    "v" : 5
  },
  "resourceBinding" : {
    "requiredResources" : [ {
      "resource" : "documents",
      "resourceId" : "public/component/images/spinner.gif"
    }, {
      "resource" : "services",
      "resourceId" : "com.vantiq.pumpAssistant.IssueManagement"
    } ]
  },
  "targetDevice" : "mobile",
  "userList" : [ ],
  "views" : {
    "Start" : "RELOCATED to views/Start.json"
  }
}