{
  "bodyChildren" : {
    "rootArray" : [ "ca171595-ec04-4f41-926a-024183a21ea8" ],
    "widgets" : [ {
      "binding" : "client.data.email",
      "borderColor" : "Default",
      "borderRadius" : 4,
      "borderThickness" : 0,
      "defaultValue" : "",
      "heightPolicy" : "naturalSize",
      "horzGravity" : "center",
      "inputType" : "email",
      "name" : "InputString12",
      "optional" : false,
      "placeholder" : "email",
      "type" : "InputString",
      "uuid" : "2dd2d765-6cd4-4737-8101-631441a0230d",
      "v" : 16,
      "vertGravity" : "center",
      "w" : 399,
      "widthPolicy" : "explicit"
    }, {
      "borderColor" : "Default",
      "borderRadius" : 4,
      "borderThickness" : 0,
      "fontFamily" : "inherit",
      "fontSize" : 20,
      "fontStyle" : "normal",
      "fontWeight" : "normal",
      "heightPolicy" : "naturalSize",
      "horzGravity" : "center",
      "name" : "RegistrationText",
      "text" : "Register For an Account",
      "type" : "StaticText",
      "uuid" : "2e48511f-b94c-4098-abc3-85d8c4e84027",
      "v" : 16,
      "vertGravity" : "center",
      "widthPolicy" : "naturalSize"
    }, {
      "binding" : "client.data.first_name",
      "borderColor" : "Default",
      "borderRadius" : 4,
      "borderThickness" : 0,
      "defaultValue" : "",
      "heightPolicy" : "naturalSize",
      "horzGravity" : "center",
      "inputType" : "text",
      "name" : "InputString14",
      "optional" : false,
      "placeholder" : "first name",
      "type" : "InputString",
      "uuid" : "53be291f-cb4e-47b1-8190-cfa787709fa2",
      "v" : 16,
      "vertGravity" : "center",
      "w" : 399,
      "widthPolicy" : "explicit"
    }, {
      "borderColor" : "Default",
      "borderRadius" : 4,
      "borderThickness" : 0,
      "fontFamily" : "inherit",
      "fontSize" : 20,
      "fontStyle" : "normal",
      "fontWeight" : "normal",
      "heightPolicy" : "naturalSize",
      "horzGravity" : "center",
      "name" : "isPublicOrPrivate",
      "text" : "Public or Private Mode?",
      "type" : "StaticText",
      "uuid" : "7dbe0e0f-ab8b-47ed-b330-cf55782f7086",
      "v" : 16,
      "vertGravity" : "center",
      "widthPolicy" : "naturalSize"
    }, {
      "binding" : "client.data.last_name",
      "borderColor" : "Default",
      "borderRadius" : 4,
      "borderThickness" : 0,
      "defaultValue" : "",
      "heightPolicy" : "naturalSize",
      "horzGravity" : "center",
      "inputType" : "text",
      "name" : "InputString15",
      "optional" : false,
      "placeholder" : "last name",
      "type" : "InputString",
      "uuid" : "a0cec429-df54-433e-9f9b-09d981f0dd67",
      "v" : 16,
      "vertGravity" : "center",
      "w" : 399,
      "widthPolicy" : "explicit"
    }, {
      "borderColor" : "Default",
      "borderRadius" : 4,
      "borderThickness" : 0,
      "buttonBackgroundColor" : "platform",
      "buttonLabel" : "Register",
      "buttonLabelColor" : "platform",
      "buttonLabelSize" : 14,
      "buttonLabelStyle" : "bold",
      "h" : 55,
      "heightPolicy" : "explicit",
      "horzGravity" : "center",
      "isDisabled" : true,
      "name" : "RegisterButton",
      "submitValue" : 100,
      "type" : "Button",
      "uuid" : "c0b505bd-e064-4e8d-8428-77d0c7e36e59",
      "v" : 16,
      "vertGravity" : "center",
      "w" : 400,
      "widthPolicy" : "explicit"
    }, {
      "backgroundColor" : "#ffffff",
      "borderColor" : "Default",
      "borderRadius" : 4,
      "borderThickness" : 0,
      "children" : [ "de45fb63-3df4-46a6-826b-e67960e51277" ],
      "column" : 0,
      "columns" : 1,
      "heightPolicy" : "sizeToCell",
      "horzGravity" : "center",
      "name" : "GridLayout1",
      "row" : 0,
      "rows" : 1,
      "type" : "GridLayout",
      "uuid" : "ca171595-ec04-4f41-926a-024183a21ea8",
      "v" : 16,
      "vertGravity" : "center",
      "vertMargin" : 0,
      "widthPolicy" : "sizeToCell"
    }, {
      "backgroundColor" : "#ccdaeb",
      "borderColor" : "Default",
      "borderRadius" : 4,
      "borderThickness" : 0,
      "children" : [ "2e48511f-b94c-4098-abc3-85d8c4e84027", "7dbe0e0f-ab8b-47ed-b330-cf55782f7086", "53be291f-cb4e-47b1-8190-cfa787709fa2", "a0cec429-df54-433e-9f9b-09d981f0dd67", "2dd2d765-6cd4-4737-8101-631441a0230d", "c0b505bd-e064-4e8d-8428-77d0c7e36e59" ],
      "column" : 0,
      "h" : 600,
      "heightPolicy" : "explicit",
      "horzGravity" : "center",
      "innerMargin" : 20,
      "name" : "MainContainer",
      "row" : 0,
      "type" : "VerticalLayout",
      "uuid" : "de45fb63-3df4-46a6-826b-e67960e51277",
      "v" : 16,
      "vertGravity" : "center",
      "vertMargin" : 20,
      "vertWeight" : 50,
      "w" : 430,
      "widthPolicy" : "explicit"
    } ]
  },
  "data" : {
    "properties" : { }
  },
  "footerChildren" : [ ],
  "hasFooter" : false,
  "layoutType" : "single",
  "responseTopic" : "/my/response/topic"
}