{
  "bodyChildren" : {
    "rootArray" : [ "650625a9-6fee-4d51-8aa5-0dbb624a424e", "08511a98-fcc1-429a-8cdf-6d93281866cd", "29e89ed9-835e-40c4-98d3-70995b3236f7", "9823dba1-2e65-46a9-8631-97900453b3d9", "09b1c441-22fd-4a06-9fa3-fa740c1b97a5" ],
    "widgets" : [ {
      "borderColor" : "Default",
      "borderRadius" : 4,
      "borderThickness" : 0,
      "buttonBackgroundColor" : "default",
      "buttonLabel" : "Normal",
      "buttonLabelColor" : "default",
      "buttonLabelSize" : 14,
      "buttonLabelStyle" : "bold",
      "column" : -1,
      "h" : 60,
      "heightPolicy" : "explicit",
      "horzGravity" : "center",
      "name" : "Button7",
      "row" : -1,
      "submitValue" : 100,
      "type" : "Button",
      "uuid" : "08511a98-fcc1-429a-8cdf-6d93281866cd",
      "v" : 17,
      "vertGravity" : "center",
      "widthPolicy" : "sizeToCell"
    }, {
      "borderColor" : "Default",
      "borderRadius" : 4,
      "borderThickness" : 0,
      "buttonBackgroundColor" : "default",
      "buttonLabel" : "High Temp & Vibration",
      "buttonLabelColor" : "default",
      "buttonLabelSize" : 14,
      "buttonLabelStyle" : "bold",
      "column" : -1,
      "h" : 60,
      "heightPolicy" : "explicit",
      "horzGravity" : "center",
      "name" : "Button10",
      "row" : -1,
      "submitValue" : 100,
      "type" : "Button",
      "uuid" : "09b1c441-22fd-4a06-9fa3-fa740c1b97a5",
      "v" : 17,
      "vertGravity" : "center",
      "widthPolicy" : "sizeToCell"
    }, {
      "borderColor" : "Default",
      "borderRadius" : 4,
      "borderThickness" : 0,
      "buttonBackgroundColor" : "default",
      "buttonLabel" : "High Temp",
      "buttonLabelColor" : "default",
      "buttonLabelSize" : 14,
      "buttonLabelStyle" : "bold",
      "column" : -1,
      "h" : 60,
      "heightPolicy" : "explicit",
      "horzGravity" : "center",
      "name" : "Button8",
      "row" : -1,
      "submitValue" : 100,
      "type" : "Button",
      "uuid" : "29e89ed9-835e-40c4-98d3-70995b3236f7",
      "v" : 17,
      "vertGravity" : "center",
      "widthPolicy" : "sizeToCell"
    }, {
      "borderColor" : "Default",
      "borderRadius" : 4,
      "borderThickness" : 0,
      "column" : -1,
      "heightPolicy" : "naturalSize",
      "horzGravity" : "center",
      "name" : "StaticImage1",
      "preserveAspectRatio" : true,
      "row" : -1,
      "type" : "StaticImage",
      "url" : "../cmn/assets/branding/defaultImage1.png",
      "uuid" : "650625a9-6fee-4d51-8aa5-0dbb624a424e",
      "v" : 17,
      "vertGravity" : "center",
      "widthPolicy" : "naturalSize"
    }, {
      "borderColor" : "Default",
      "borderRadius" : 4,
      "borderThickness" : 0,
      "buttonBackgroundColor" : "default",
      "buttonLabel" : "High Vibration",
      "buttonLabelColor" : "default",
      "buttonLabelSize" : 14,
      "buttonLabelStyle" : "bold",
      "column" : -1,
      "h" : 60,
      "heightPolicy" : "explicit",
      "horzGravity" : "center",
      "name" : "Button9",
      "row" : -1,
      "submitValue" : 100,
      "type" : "Button",
      "uuid" : "9823dba1-2e65-46a9-8631-97900453b3d9",
      "v" : 17,
      "vertGravity" : "center",
      "widthPolicy" : "sizeToCell"
    } ]
  },
  "data" : {
    "properties" : { }
  },
  "footerChildren" : [ ],
  "hasFooter" : false,
  "layoutType" : "mobile"
}