{
  "links" : [ {
    "source" : "client/BaiduMapsExample",
    "target" : "topic//my/response/topic"
  } ],
  "name" : "BaiduMapsAPI",
  "options" : {
    "description" : "The BaiduMapViewer widget is a wrapper around a \"Baidu Map\". There are a set of additional libraries provided by Baidu to allow you to extend the functionality programmatically (such as enabling drawing tools, adding custom markers, drawing heat maps, drawing shapes, etc.)\n\nThe documentation for these libraries is provided by Baidu and can be found here:\n\nDocumentation entry point: http://lbsyun.baidu.com/index.php?title=jspopular\nAPI reference guide: http://lbsyun.baidu.com/cms/jsapi/reference/jsapi_reference.html\n\nThe BaiduMapsExample Client provides some simple examples that show how to access these extensions from your JavaScript code. Each of the 4 buttons shows a different piece of functionality; you can see the code by selecting a button and editing the \"On Click\" event handler.\n\n\"Enable Drawing\": Activates the Baidu Map drawing tools (and shows how to catch the event when the user draws a polygon).\n\n\"Add Marker\": Draws some custom markers and shapes on the map.\n\n\"Heat Map\": Draws a \"heat map\" overlay on the top of the map.\n\n\"Draw Polygon\": Draws a triangle on top of the map.",
    "filterBitArray" : "ffffffffffffffffffffffffffffffff",
    "isModeloProject" : true,
    "showGrid" : true,
    "v" : 2
  },
  "resources" : [ {
    "label" : "/my/response/topic",
    "name" : "/my/response/topic",
    "node" : {
      "x" : 357.7411477394832,
      "y" : 222.37147372113557
    },
    "type" : 10
  }, {
    "inventory" : {
      "appmodelHash" : [ ],
      "appmodels" : [ ],
      "collaborationHash" : [ ],
      "collaborations" : [ ],
      "pagesetHash" : [ ],
      "pagesets" : [ ],
      "procedureHash" : [ ],
      "procedures" : [ ],
      "sourceHash" : [ ],
      "sources" : [ ],
      "topicHash" : [ "out" ],
      "topics" : [ "/my/response/topic" ],
      "typeHash" : [ ],
      "types" : [ ]
    },
    "label" : "BaiduMapsExample",
    "name" : "BaiduMapsExample",
    "node" : {
      "x" : 236.7169319019187,
      "y" : 141.68866316275782
    },
    "timestamp" : "2018-07-19T20:18:13.651Z",
    "type" : 15
  } ],
  "tools" : [ {
    "name" : "Project Description",
    "pane" : {
      "h" : 540,
      "w" : 760,
      "x" : 10,
      "y" : 10
    },
    "type" : 82
  }, {
    "name" : "BaiduMapsExample",
    "pane" : {
      "h" : 770,
      "w" : 950,
      "x" : 780,
      "y" : 10
    },
    "resourceKey" : "client/BaiduMapsExample",
    "type" : 63
  } ],
  "type" : "dev",
  "views" : [ {
    "name" : "Main",
    "projectToolKeys" : [ "projectdescription/Project Description", "client/BaiduMapsExample" ]
  } ]
}