{
  "ars_relationships" : [ ],
  "configurationMappings" : { },
  "configurationProperties" : { },
  "isAssembly" : true,
  "links" : [ ],
  "name" : "BlackishTheme",
  "options" : {
    "description" : "This contains the **Blackish** Client theme.",
    "dockCollapsed" : {
      "bottom" : false,
      "left" : false,
      "right" : false,
      "top" : false,
      "viewtabs" : false
    },
    "dockDimensions" : {
      "bottom" : 200,
      "debug" : [ 0, 0, 0 ],
      "left" : 210,
      "right" : 220,
      "top" : 0,
      "viewtabs" : 0
    },
    "dockSort" : 1,
    "filterBitArray" : "ffffffffffffffffffffffffffffffff",
    "isModeloProject" : true,
    "layoutStyle" : "tile",
    "partitionsSettings" : { },
    "rootViewFlavor" : 5,
    "showGrid" : true,
    "tileColumns" : 2,
    "tileRows" : 2,
    "type" : "dev",
    "v" : 6,
    "viewUUID" : "MAINVIEW"
  },
  "partitions" : [ ],
  "resources" : [ {
    "label" : "vantiq/themes/Blackish.thm",
    "name" : "vantiq/themes/Blackish.thm",
    "resourceReference" : "/documents/vantiq/themes/Blackish.thm",
    "timestamp" : "2025-04-14T17:56:38.898Z",
    "type" : 19
  } ],
  "selectData" : { },
  "tools" : [ {
    "isPinned" : false,
    "name" : "BlackishTheme",
    "pane" : {
      "c" : 1,
      "r" : 0
    },
    "state" : 2,
    "type" : 120
  }, {
    "isPinned" : false,
    "name" : "Documents",
    "pane" : {
      "c" : 0,
      "r" : 0
    },
    "state" : 2,
    "type" : 26
  }, {
    "isPinned" : false,
    "name" : "Errors",
    "type" : 13
  }, {
    "dockLocation" : "top",
    "isPinned" : false,
    "name" : "Inactive Panes",
    "type" : 99
  }, {
    "isPinned" : false,
    "name" : "Project Contents",
    "type" : 2
  } ],
  "type" : "dev",
  "views" : [ {
    "name" : "Project Contents",
    "projectToolKeys" : [ "assemblies/BlackishTheme", "documents/Documents", "errorviewer/Errors", "tiledock/Inactive Panes", "list/Project Contents" ]
  } ],
  "visibleResources" : [ {
    "resourceReference" : "/documents/vantiq/themes/Blackish.thm"
  } ]
}