{
  "active" : true,
  "appType" : true,
  "ars_properties" : {
    "dataVersion" : 5,
    "graph" : {
      "lastZoomRequest" : 3,
      "scale" : 0.6525642976715873,
      "translate" : [ 186.02678435550143, 22.19228427940952 ]
    },
    "groupSettings" : {
      "appGroupOpenHash" : {
        "actions" : true,
        "filters" : true,
        "flowControl" : true,
        "modifiers" : true
      },
      "ctGroupOpenHash" : {
        "actions" : true,
        "mobile" : true
      },
      "ctServiceOpen" : false,
      "serviceGroupOpenHash" : { }
    },
    "paletteWidth" : 170,
    "propertyWidth" : 280
  },
  "ars_relationships" : [ ],
  "assembly" : {
    "EvacuationMessage" : {
      "configuration" : {
        "parentStreams" : [ ],
        "transformation" : {
          "message" : {
            "expression" : "now().toString() + \": Fire conditions detected. The temperature is  \"+ toDecimal(event.temperature, 1).toString() + \" and wind speed is \" + event.windSpeed + \" Please evacuate to avoid further danger.\"",
            "type" : "expression"
          }
        },
        "upsert" : false
      },
      "pattern" : "Transformation"
    },
    "FireConditionsDetected" : {
      "configuration" : {
        "childStreams" : [ "EvacuationMessage" ],
        "condition" : "event.temperature > 100 && event.windSpeed > 20",
        "parentStreams" : [ ],
        "upsert" : false
      },
      "pattern" : "Filter"
    },
    "WarnMessage" : {
      "configuration" : {
        "parentStreams" : [ ],
        "transformation" : {
          "message" : {
            "expression" : "now().toString() + \": Be careful! Dangerous temperatures have been recorded. It is currently \" + toDecimal(event.temperature, 1).toString() + \" degrees.\"",
            "type" : "expression"
          }
        },
        "upsert" : false
      },
      "pattern" : "Transformation"
    },
    "getTemperatureAndWind" : {
      "configuration" : {
        "childStreams" : [ "FireConditionsDetected", "isDangerousCondition" ],
        "parentStreams" : [ ],
        "transformation" : {
          "temperature" : {
            "expression" : "toReal(event.temp)",
            "type" : "expression"
          },
          "windSpeed" : {
            "expression" : "toReal(event.wind)",
            "type" : "expression"
          }
        },
        "upsert" : false
      },
      "isRoot" : true,
      "pattern" : "Transformation"
    },
    "isDangerousCondition" : {
      "configuration" : {
        "childStreams" : [ "WarnMessage" ],
        "condition" : "event.temperature < -10 || event.temperature >  90",
        "parentStreams" : [ ],
        "upsert" : false
      },
      "pattern" : "Filter"
    }
  },
  "collaboratorRoles" : [ ],
  "componentInterface" : {
    "appOnly" : true,
    "ars_properties" : {
      "category" : "standard",
      "deprecated" : false,
      "description" : "test1",
      "patternGroup" : "app.component"
    },
    "configurationProperties" : { },
    "events" : {
      "EvacuationRequired" : {
        "configurationProperty" : "childStreams",
        "name" : "EvacuationRequired",
        "schema" : "inherit",
        "taskName" : "EvacuationMessage"
      },
      "WarnResidents" : {
        "configurationProperty" : "childStreams",
        "name" : "WarnResidents",
        "schema" : "inherit",
        "taskName" : "WarnMessage"
      }
    },
    "isComponent" : true,
    "name" : "com.vantiq.weatherEmergencies.isDangerousWeather",
    "results" : { },
    "runtimeProperties" : [ ],
    "templates" : [ "AppGeneration.generateComponent" ]
  },
  "currentState" : {
    "code" : "success"
  },
  "description" : "test1",
  "disableBadging" : false,
  "entityRoles" : [ ],
  "isComponent" : true,
  "keyTypes" : [ "system.collaborations" ],
  "name" : "com.vantiq.weatherEmergencies.isDangerousWeather",
  "resourceBinding" : null
}