{
  "ars_properties" : {
    "tags" : [ "#launchable" ]
  },
  "ars_public" : false,
  "controllers" : {
    "client" : {
      "onStart" : "RELOCATED to controllers/client/onStart.js"
    },
    "dataStream" : { },
    "page" : {
      "Start" : {
        "widgets" : { }
      }
    }
  },
  "isLaunchable" : true,
  "models" : {
    "dataObjects" : {
      "__GLOBAL__" : {
        "properties" : { }
      },
      "__PARAMETERS__" : {
        "properties" : { }
      }
    },
    "dataStreams" : [ ]
  },
  "name" : "LandingPage",
  "options" : {
    "RELOCATE" : [ {
      "path" : "controllers",
      "type" : "js"
    }, {
      "path" : "views",
      "type" : "json"
    } ],
    "badgeCount" : 0,
    "description" : "",
    "docAssets" : [ ],
    "paletteCollapsed" : false,
    "productV" : "7.2o",
    "showCategoryButtons" : true,
    "showCategoryDataDisplay" : true,
    "showCategoryDataInput" : false,
    "showCategoryLayout" : true,
    "showGridWhileEditing" : false,
    "theme" : {
      "backgroundColor" : "#ffffff",
      "borderColor" : "#d3d6db",
      "cardAccentColor" : "#ffffff",
      "cardColor" : "#3c424d",
      "dataDisplayColor" : "#ffffff",
      "dataDisplayColors" : [ "#3cbce1", "#996db8", "#86d557", "#ff9800", "#425b71", "#cc467c", "#01aa93", "#ffca28", "#f583a9", "#1c84d4", "#ff6767", "#4caf50" ],
      "dataInputColor" : "#ffffff",
      "foregroundColor" : "#566076",
      "label" : "Light",
      "name" : "light",
      "titleBarColor" : "#dddddd",
      "v" : 3
    },
    "v" : 5
  },
  "targetDevice" : "all",
  "userList" : [ ],
  "views" : {
    "Start" : "RELOCATED to views/Start.json"
  }
}