{
  "bodyChildren" : {
    "rootArray" : [ "ad03669b-6e65-4571-997e-c4276541524c" ],
    "widgets" : [ {
      "borderColor" : "Default",
      "borderRadius" : 4,
      "borderThickness" : 0,
      "buttonBackgroundColor" : "default",
      "buttonLabel" : "Cancel",
      "buttonLabelColor" : "default",
      "buttonLabelSize" : 14,
      "buttonLabelStyle" : "bold",
      "column" : -1,
      "heightPolicy" : "naturalSize",
      "horzGravity" : "right",
      "name" : "com_vantiq_component_ui_TrackingRegionEditor__Button97690",
      "row" : -1,
      "submitValue" : 100,
      "type" : "Button",
      "uuid" : "2032c113-1240-4bef-8288-13f0e697492b",
      "v" : 17,
      "vertGravity" : "center",
      "widthPolicy" : "naturalSize"
    }, {
      "borderColor" : "Default",
      "borderRadius" : 4,
      "borderThickness" : 0,
      "children" : [ "f8aaf29b-5c87-4ff9-8bf8-e85c77ff754a", "2032c113-1240-4bef-8288-13f0e697492b" ],
      "column" : -1,
      "heightPolicy" : "naturalSize",
      "horzGravity" : "center",
      "innerMargin" : 20,
      "name" : "com_vantiq_component_ui_TrackingRegionEditor__VerticalLayout107189",
      "row" : -1,
      "type" : "VerticalLayout",
      "uuid" : "ad03669b-6e65-4571-997e-c4276541524c",
      "v" : 17,
      "vertGravity" : "center",
      "widthPolicy" : "naturalSize",
      "x" : 0,
      "y" : 0
    }, {
      "backgroundColor" : "default",
      "borderColor" : "Default",
      "borderRadius" : 4,
      "borderThickness" : 1,
      "cellFontColor" : "default",
      "cellFontFace" : "inherit",
      "cellFontSize" : 14,
      "cellFontStyle" : "plain",
      "clearOnDataArrive" : true,
      "column" : -1,
      "columnDescriptors" : [ {
        "colorRules" : null,
        "dataType" : "String",
        "propertyName" : "name",
        "selected" : false,
        "title" : "name"
      } ],
      "columnSort" : true,
      "dataStreamGroupedByFiltersString" : "",
      "dataStreamUUID" : "b40cd2a9-c300-4ce6-82ee-4c91448a8eef",
      "dataType" : null,
      "headerFontColor" : "default",
      "headerFontFace" : "inherit",
      "headerFontSize" : 14,
      "headerFontStyle" : "plain",
      "heightPolicy" : "naturalSize",
      "horzGravity" : "center",
      "name" : "com_vantiq_component_ui_TrackingRegionEditor__regionsTable",
      "operation" : "insert",
      "row" : -1,
      "rowsPerPage" : 10,
      "showPaging" : true,
      "type" : "DataTable",
      "uuid" : "f8aaf29b-5c87-4ff9-8bf8-e85c77ff754a",
      "v" : 17,
      "vertGravity" : "center",
      "w" : 500,
      "widthPolicy" : "explicit"
    } ]
  },
  "componentName" : "com.vantiq.component.ui.TrackingRegionEditor",
  "data" : {
    "properties" : { }
  },
  "footerChildren" : [ ],
  "hasFooter" : false,
  "layoutType" : "browser"
}