{
  "bodyChildren" : {
    "rootArray" : [ "f72331d2-da03-4149-89ca-17abfdd83afb" ],
    "widgets" : [ {
      "borderColor" : "Default",
      "borderRadius" : 4,
      "borderThickness" : 0,
      "column" : -1,
      "fontFamily" : "inherit",
      "fontSize" : 20,
      "fontStyle" : "normal",
      "fontWeight" : "normal",
      "heightPolicy" : "naturalSize",
      "horzGravity" : "left",
      "name" : "StaticText115034",
      "row" : -1,
      "text" : "TrackingRegion in JSON:",
      "type" : "StaticText",
      "uuid" : "1a978a3b-140d-4da2-8181-57544a2e89b1",
      "v" : 17,
      "vertGravity" : "center",
      "widthPolicy" : "naturalSize"
    }, {
      "borderColor" : "Default",
      "borderRadius" : 4,
      "borderThickness" : 0,
      "buttonBackgroundColor" : "default",
      "buttonLabel" : "Edit Region",
      "buttonLabelColor" : "default",
      "buttonLabelSize" : 14,
      "buttonLabelStyle" : "bold",
      "column" : -1,
      "heightPolicy" : "naturalSize",
      "horzGravity" : "right",
      "name" : "trackingBtn",
      "row" : -1,
      "submitValue" : 100,
      "type" : "Button",
      "uuid" : "245a8c86-362e-4b4f-814e-ff3554b1d126",
      "v" : 17,
      "vertGravity" : "center",
      "widthPolicy" : "naturalSize"
    }, {
      "borderColor" : "Default",
      "borderRadius" : 4,
      "borderThickness" : 0,
      "children" : [ "c974eb97-3395-411d-88e6-5331446c97d4", "9ef723f8-fb5c-439f-88d8-914bcf3ab09b" ],
      "column" : -1,
      "h" : 578.5160000000001,
      "heightPolicy" : "explicit",
      "horzGravity" : "center",
      "horzMargin" : 0,
      "innerMargin" : 5,
      "name" : "VerticalLayout106807",
      "row" : 0,
      "type" : "VerticalLayout",
      "uuid" : "7463aa09-5f2f-4b03-b957-0e804fe1975c",
      "v" : 17,
      "vertGravity" : "center",
      "vertMargin" : 0,
      "w" : 834,
      "widthPolicy" : "explicit"
    }, {
      "borderColor" : "Default",
      "borderRadius" : 4,
      "borderThickness" : 0,
      "column" : -1,
      "defaultValue" : "",
      "heightPolicy" : "sizeToCell",
      "horzGravity" : "center",
      "name" : "regionViewer",
      "optional" : true,
      "placeholder" : "",
      "row" : -1,
      "rows" : 5,
      "type" : "MultilineInput",
      "uuid" : "9ef723f8-fb5c-439f-88d8-914bcf3ab09b",
      "v" : 17,
      "vertGravity" : "center",
      "vertWeight" : 1,
      "widthPolicy" : "sizeToCell",
      "wordwrap" : true
    }, {
      "borderColor" : "Default",
      "borderRadius" : 4,
      "borderThickness" : 0,
      "children" : [ "1a978a3b-140d-4da2-8181-57544a2e89b1", "245a8c86-362e-4b4f-814e-ff3554b1d126" ],
      "column" : -1,
      "heightPolicy" : "naturalSize",
      "horzGravity" : "center",
      "horzMargin" : 0,
      "innerMargin" : 20,
      "name" : "HorizontalLayout108578",
      "row" : 0,
      "type" : "HorizontalLayout",
      "uuid" : "c974eb97-3395-411d-88e6-5331446c97d4",
      "v" : 17,
      "vertGravity" : "center",
      "vertMargin" : 0,
      "widthPolicy" : "sizeToCell"
    }, {
      "borderColor" : "Default",
      "borderRadius" : 4,
      "borderThickness" : 0,
      "children" : [ "7463aa09-5f2f-4b03-b957-0e804fe1975c" ],
      "column" : -1,
      "heightPolicy" : "sizeToCell",
      "horzGravity" : "center",
      "innerMargin" : 20,
      "name" : "HorizontalLayout107001",
      "row" : -1,
      "type" : "HorizontalLayout",
      "uuid" : "f72331d2-da03-4149-89ca-17abfdd83afb",
      "v" : 17,
      "vertGravity" : "center",
      "widthPolicy" : "sizeToCell",
      "x" : 0,
      "y" : 0
    } ]
  },
  "data" : {
    "properties" : { }
  },
  "footerChildren" : [ ],
  "hasFooter" : false,
  "layoutType" : "browser"
}