{
  "bodyChildren" : {
    "rootArray" : [ "c6c5a2b5-08b5-42f3-8ae3-182d20609c3c" ],
    "widgets" : [ {
      "borderColor" : "Default",
      "borderRadius" : 4,
      "borderThickness" : 0,
      "column" : -1,
      "h" : 315,
      "heightPolicy" : "explicit",
      "horzGravity" : "center",
      "name" : "cameraCanvas",
      "row" : 0,
      "type" : "Canvas",
      "uuid" : "1cf72f0e-8a58-4f0d-9020-a0bca75a3d8a",
      "v" : 17,
      "vertGravity" : "center",
      "w" : 568,
      "widthPolicy" : "explicit",
      "x" : 0,
      "y" : 0
    }, {
      "backgroundImagePosition" : "top",
      "borderColor" : "Default",
      "borderRadius" : 4,
      "borderThickness" : 0,
      "children" : [ "ac07cc27-c283-4466-863e-05f10d4a0efc", "f27a10d8-40c5-4025-a275-144f98e22c0b" ],
      "column" : -1,
      "heightPolicy" : "naturalSize",
      "horzGravity" : "center",
      "horzMargin" : 0,
      "name" : "HorizontalLayout2162",
      "row" : 0,
      "type" : "HorizontalLayout",
      "uuid" : "20c02296-04e1-4935-b864-a69cd460abda",
      "v" : 17,
      "vertGravity" : "center",
      "vertMargin" : 0,
      "widthPolicy" : "sizeToCell"
    }, {
      "backgroundImagePosition" : "top",
      "backgroundImageSize" : "contain",
      "borderColor" : "Default",
      "borderThickness" : 0,
      "children" : [ "1cf72f0e-8a58-4f0d-9020-a0bca75a3d8a" ],
      "column" : -1,
      "heatmapConfig" : null,
      "heatmapOpacity" : 0.4,
      "heatmapRadius" : 40,
      "heightPolicy" : "sizeToCell",
      "horzGravity" : "center",
      "horzImageGravity" : "left",
      "horzWeight" : 1,
      "innerMargin" : 20,
      "name" : "cameraLayout",
      "preserveAspectRatio" : true,
      "row" : 0,
      "type" : "FixedLayout",
      "url" : "../../docs/entranceSample.png",
      "uuid" : "8c24b7c6-4134-4687-8678-1467759c2547",
      "v" : 17,
      "vertGravity" : "center",
      "vertImageGravity" : "top",
      "vertWeight" : 1,
      "widthPolicy" : "sizeToCell"
    }, {
      "borderColor" : "Default",
      "borderRadius" : 4,
      "borderThickness" : 1,
      "children" : [ "8c24b7c6-4134-4687-8678-1467759c2547" ],
      "column" : -1,
      "heightPolicy" : "sizeToCell",
      "horzGravity" : "center",
      "horzMargin" : 0,
      "innerMargin" : 5,
      "name" : "HorizontalLayout62863",
      "row" : 1,
      "type" : "HorizontalLayout",
      "uuid" : "947287a0-ab0a-47f7-8b8b-6dbd401d6705",
      "v" : 17,
      "vertGravity" : "center",
      "vertMargin" : 0,
      "vertWeight" : 1,
      "widthPolicy" : "sizeToCell"
    }, {
      "borderColor" : "Default",
      "borderRadius" : 4,
      "borderThickness" : 0,
      "column" : -1,
      "fontFamily" : "inherit",
      "fontSize" : 20,
      "fontStyle" : "normal",
      "fontWeight" : "normal",
      "heightPolicy" : "naturalSize",
      "horzGravity" : "left",
      "horzWeight" : 1,
      "name" : "StaticText113317",
      "row" : 0,
      "text" : "Boundary is defined as a quadrilateral.",
      "type" : "StaticText",
      "uuid" : "ac07cc27-c283-4466-863e-05f10d4a0efc",
      "v" : 17,
      "vertGravity" : "center",
      "widthPolicy" : "naturalSize"
    }, {
      "borderColor" : "Default",
      "borderRadius" : 4,
      "borderThickness" : 1,
      "children" : [ "20c02296-04e1-4935-b864-a69cd460abda", "947287a0-ab0a-47f7-8b8b-6dbd401d6705" ],
      "column" : 0,
      "componentConfiguration" : {
        "configurationProperties" : [ ]
      },
      "componentName" : "com.vantiq.component.ui.BoundaryEditor",
      "heightPolicy" : "sizeToCell",
      "horzGravity" : "center",
      "horzMargin" : 5,
      "innerMargin" : 5,
      "isComponent" : true,
      "name" : "DeviceZone",
      "row" : 0,
      "type" : "VerticalLayout",
      "uuid" : "c6c5a2b5-08b5-42f3-8ae3-182d20609c3c",
      "v" : 17,
      "vertGravity" : "center",
      "vertMargin" : 5,
      "widthPolicy" : "sizeToCell"
    }, {
      "borderColor" : "Default",
      "borderRadius" : 4,
      "borderThickness" : 0,
      "buttonBackgroundColor" : "default",
      "buttonLabel" : "@btn.change.image",
      "buttonLabelColor" : "default",
      "buttonLabelSize" : 14,
      "buttonLabelStyle" : "bold",
      "column" : -1,
      "glyphIcon" : "fa-photo",
      "heightPolicy" : "naturalSize",
      "horzGravity" : "left",
      "name" : "loadImageButton",
      "row" : 3,
      "submitValue" : 100,
      "type" : "Button",
      "uuid" : "f27a10d8-40c5-4025-a275-144f98e22c0b",
      "v" : 17,
      "vertGravity" : "center",
      "widthPolicy" : "naturalSize"
    } ]
  },
  "data" : {
    "properties" : {
      "currentZoneName" : {
        "defaultLabel" : "currentZoneName",
        "defaultValue" : "",
        "type" : "String"
      },
      "zoneHash" : {
        "defaultLabel" : "zoneHash",
        "type" : "Object"
      },
      "zonePoints" : {
        "defaultLabel" : "zonePoints",
        "defaultValue" : [ ],
        "isArray" : true,
        "type" : "Object"
      }
    }
  },
  "footerChildren" : [ ],
  "hasFooter" : false,
  "layoutType" : "single",
  "responseResource" : "topics",
  "responseResourceId" : "/my/response/topic",
  "responseTopic" : "/my/response/topic"
}