{
  "ars_relationships" : [ ],
  "configurationMappings" : { },
  "configurationProperties" : { },
  "isAssembly" : true,
  "links" : [ ],
  "name" : "StatisticsWidget",
  "options" : {
    "description" : "The Statistics Component has **title**, **value**, and **delta** fields, all programmatically set. It also has an optional **Context Menu**, which can be used as a menu or to trigger other actions.",
    "dockCollapsed" : {
      "bottom" : false,
      "left" : false,
      "right" : false,
      "top" : false,
      "viewtabs" : false
    },
    "dockDimensions" : {
      "bottom" : 200,
      "debug" : [ 0, 0, 0 ],
      "left" : 210,
      "right" : 220,
      "top" : 0,
      "viewtabs" : 0
    },
    "filterBitArray" : "ffffffffffffffffffffffffffffffff",
    "isModeloProject" : true,
    "layoutStyle" : "flex",
    "openFolders" : [ "com.vantiq.clientcomponent/client" ],
    "partitionsSettings" : { },
    "rootViewFlavor" : 5,
    "showGrid" : true,
    "structure" : {
      "fraction" : 1,
      "type" : "R[1]"
    },
    "type" : "dev",
    "v" : 6,
    "viewUUID" : "MAINVIEW"
  },
  "partitions" : [ ],
  "resources" : [ {
    "label" : "com.vantiq.clientcomponent.Statistics",
    "name" : "com.vantiq.clientcomponent.Statistics",
    "resourceReference" : "/system.clients/com.vantiq.clientcomponent.Statistics",
    "timestamp" : "2025-05-05T18:08:07.567Z",
    "type" : 72
  } ],
  "selectData" : { },
  "tools" : [ {
    "isPinned" : false,
    "name" : "Errors",
    "type" : 13
  }, {
    "dockLocation" : "top",
    "isPinned" : false,
    "name" : "Inactive Panes",
    "type" : 99
  }, {
    "isPinned" : false,
    "name" : "Project Contents",
    "type" : 2
  }, {
    "isPinned" : false,
    "name" : "StatisticsWidget",
    "pane" : {
      "address" : "R[0]",
      "isActive" : true,
      "isActiveTool" : true
    },
    "state" : 8,
    "type" : 120
  } ],
  "type" : "dev",
  "views" : [ {
    "name" : "Project Contents",
    "projectToolKeys" : [ "errorviewer/Errors", "tiledock/Inactive Panes", "list/Project Contents", "assemblies/StatisticsWidget" ]
  } ],
  "visibleResources" : [ {
    "resourceReference" : "/system.clients/com.vantiq.clientcomponent.Statistics"
  } ]
}