{
  "bodyChildren" : {
    "rootArray" : [ "da0857b0-3e6f-49eb-8bb3-e8977bbbc529", "435ebcc4-0328-45ff-87ee-111d9632c724", "d4686860-c865-4cbb-8f95-9b34f426bf42", "aa4d6c71-a4f0-451b-8234-24e3b8140360", "85cb8ac9-8ce5-43de-9568-e2a738ee741b", "8bfbdf53-095b-4fc1-ae73-3f3d31e5f0a6", "52caebb2-759e-4a98-beaa-4255ce9c04cd", "bb3aee2c-0e8e-42a1-86df-20dad6b25996", "701c8f17-b14c-4d05-803c-cf9b8eb5b43c", "755b8c94-e551-4051-8f70-da62f5a6065c" ],
    "widgets" : [ {
      "borderColor" : "Default",
      "borderRadius" : 4,
      "borderThickness" : 0,
      "fontFamily" : "inherit",
      "fontSize" : 20,
      "fontStyle" : "normal",
      "fontWeight" : "normal",
      "heightPolicy" : "naturalSize",
      "horzGravity" : "center",
      "name" : "StaticText17",
      "text" : "Detection Threshold",
      "type" : "StaticText",
      "uuid" : "435ebcc4-0328-45ff-87ee-111d9632c724",
      "v" : 16,
      "vertGravity" : "center",
      "widthPolicy" : "naturalSize",
      "x" : 40,
      "y" : 30
    }, {
      "borderColor" : "Default",
      "borderRadius" : 4,
      "borderThickness" : 1,
      "defaultMinimumHeight" : 300,
      "defaultMinimumWidth" : 200,
      "h" : 770,
      "heightPolicy" : "explicit",
      "horzGravity" : "center",
      "horzizontalScrollPolicy" : "none",
      "html" : "Default for <span style='color:red'>HTML Viewer</span> Widget",
      "name" : "StaticHtmlObjView",
      "type" : "StaticHtml",
      "uuid" : "52caebb2-759e-4a98-beaa-4255ce9c04cd",
      "v" : 16,
      "vertGravity" : "center",
      "verticalScrollPolicy" : "auto",
      "w" : 400,
      "widthPolicy" : "explicit",
      "x" : 1330,
      "y" : 100
    }, {
      "borderColor" : "Default",
      "borderRadius" : 4,
      "borderThickness" : 0,
      "defaultValue" : "white",
      "heightPolicy" : "naturalSize",
      "horzGravity" : "center",
      "inputType" : "text",
      "label" : "Text Color",
      "name" : "TextColor",
      "optional" : true,
      "placeholder" : "",
      "type" : "InputString",
      "uuid" : "701c8f17-b14c-4d05-803c-cf9b8eb5b43c",
      "v" : 16,
      "vertGravity" : "center",
      "widthPolicy" : "sizeToCell",
      "x" : 1180,
      "y" : 430
    }, {
      "backgroundColor" : null,
      "borderColor" : "Default",
      "borderRadius" : 4,
      "borderThickness" : 1,
      "cellFontColor" : "default",
      "cellFontFace" : "inherit",
      "cellFontSize" : 14,
      "cellFontStyle" : "plain",
      "clearOnDataArrive" : true,
      "columnDescriptors" : [ {
        "colorRules" : null,
        "dataType" : "String",
        "propertyName" : "name",
        "selected" : false,
        "title" : "name"
      }, {
        "colorRules" : null,
        "dataType" : "String",
        "propertyName" : "modelType",
        "selected" : false,
        "title" : "modelType"
      }, {
        "buttonLabel" : "Select",
        "colorRules" : null,
        "dataType" : "Button",
        "propertyName" : "Button",
        "selected" : false,
        "title" : "Action"
      } ],
      "columnSort" : true,
      "dataStreamGroupedByFiltersString" : "",
      "dataStreamUUID" : "21fce780-2b71-4cf4-ba14-1ec52a5daa19",
      "dataType" : null,
      "headerFontColor" : "default",
      "headerFontFace" : "inherit",
      "headerFontSize" : 14,
      "headerFontStyle" : "plain",
      "heightPolicy" : "naturalSize",
      "horzGravity" : "center",
      "name" : "ModelTable",
      "operation" : "insert",
      "rowsPerPage" : 5,
      "showPaging" : true,
      "type" : "DataTable",
      "uuid" : "755b8c94-e551-4051-8f70-da62f5a6065c",
      "v" : 16,
      "vertGravity" : "center",
      "w" : 400,
      "widthPolicy" : "explicit",
      "x" : 900,
      "y" : 550
    }, {
      "borderColor" : "Default",
      "borderRadius" : 4,
      "borderThickness" : 0,
      "buttonBackgroundColor" : "platform",
      "buttonLabel" : "Refresh",
      "buttonLabelColor" : "platform",
      "buttonLabelSize" : 14,
      "buttonLabelStyle" : "bold",
      "heightPolicy" : "naturalSize",
      "horzGravity" : "center",
      "name" : "RefreshButton",
      "submitValue" : 100,
      "type" : "Button",
      "uuid" : "7d28819c-60c8-4de4-8feb-a9c541a1d253",
      "v" : 16,
      "vertGravity" : "center",
      "widthPolicy" : "sizeToCell"
    }, {
      "borderColor" : "Default",
      "borderRadius" : 4,
      "borderThickness" : 1,
      "children" : [ "eef2e594-80b3-47d6-8dd7-96dda75b2932", "c691804c-1000-4399-9f2f-47ecf2c8bfc4", "7d28819c-60c8-4de4-8feb-a9c541a1d253" ],
      "heightPolicy" : "naturalSize",
      "horzGravity" : "center",
      "innerMargin" : 20,
      "name" : "VerticalLayout22",
      "type" : "VerticalLayout",
      "uuid" : "85cb8ac9-8ce5-43de-9568-e2a738ee741b",
      "v" : 16,
      "vertGravity" : "center",
      "widthPolicy" : "naturalSize",
      "x" : 30,
      "y" : 99.99998474121094
    }, {
      "backgroundColor" : "default",
      "borderColor" : "Default",
      "borderRadius" : 4,
      "borderThickness" : 1,
      "cellFontColor" : "default",
      "cellFontFace" : "inherit",
      "cellFontSize" : 14,
      "cellFontStyle" : "plain",
      "clearOnDataArrive" : true,
      "columnDescriptors" : [ {
        "colorRules" : null,
        "dataType" : "String",
        "propertyName" : "name",
        "selected" : false,
        "title" : "name"
      }, {
        "buttonLabel" : "Select",
        "colorRules" : null,
        "dataType" : "Button",
        "propertyName" : "Button",
        "selected" : false,
        "title" : "Action"
      } ],
      "columnSort" : true,
      "dataStreamGroupedByFiltersString" : "",
      "dataStreamUUID" : "68ea2f93-43b7-4aa0-857e-19c5ca790921",
      "dataType" : null,
      "headerFontColor" : "default",
      "headerFontFace" : "inherit",
      "headerFontSize" : 14,
      "headerFontStyle" : "plain",
      "heightPolicy" : "naturalSize",
      "horzGravity" : "center",
      "name" : "ImageTable",
      "operation" : "insert",
      "rowsPerPage" : 5,
      "showPaging" : true,
      "type" : "DataTable",
      "uuid" : "8bfbdf53-095b-4fc1-ae73-3f3d31e5f0a6",
      "v" : 16,
      "vertGravity" : "center",
      "w" : 400,
      "widthPolicy" : "explicit",
      "x" : 900,
      "y" : 100
    }, {
      "borderColor" : "Default",
      "borderRadius" : 4,
      "borderThickness" : 0,
      "fontFamily" : "inherit",
      "fontSize" : 20,
      "fontStyle" : "normal",
      "fontWeight" : "normal",
      "heightPolicy" : "naturalSize",
      "horzGravity" : "center",
      "name" : "CurrentModel",
      "text" : "coco-1.2",
      "type" : "StaticText",
      "uuid" : "aa4d6c71-a4f0-451b-8234-24e3b8140360",
      "v" : 16,
      "vertGravity" : "center",
      "widthPolicy" : "naturalSize",
      "x" : 710,
      "y" : 30
    }, {
      "borderColor" : "Default",
      "borderRadius" : 4,
      "borderThickness" : 0,
      "defaultValue" : "pink",
      "heightPolicy" : "naturalSize",
      "horzGravity" : "center",
      "inputType" : "text",
      "label" : "Box Color",
      "name" : "BoxColor",
      "optional" : true,
      "placeholder" : "",
      "type" : "InputString",
      "uuid" : "bb3aee2c-0e8e-42a1-86df-20dad6b25996",
      "v" : 16,
      "vertGravity" : "center",
      "widthPolicy" : "sizeToCell",
      "x" : 900,
      "y" : 430
    }, {
      "borderColor" : "Default",
      "borderRadius" : 4,
      "borderThickness" : 0,
      "buttonBackgroundColor" : "platform",
      "buttonLabel" : "Upload",
      "buttonLabelColor" : "platform",
      "buttonLabelSize" : 14,
      "buttonLabelStyle" : "bold",
      "heightPolicy" : "naturalSize",
      "horzGravity" : "center",
      "name" : "UploadButton",
      "submitValue" : 100,
      "type" : "Button",
      "uuid" : "c691804c-1000-4399-9f2f-47ecf2c8bfc4",
      "v" : 16,
      "vertGravity" : "center",
      "widthPolicy" : "sizeToCell"
    }, {
      "borderColor" : "Default",
      "borderRadius" : 4,
      "borderThickness" : 0,
      "fontFamily" : "inherit",
      "fontSize" : 20,
      "fontStyle" : "normal",
      "fontWeight" : "normal",
      "heightPolicy" : "naturalSize",
      "horzGravity" : "center",
      "name" : "CurrentDocText",
      "text" : "No current image",
      "type" : "StaticText",
      "uuid" : "d4686860-c865-4cbb-8f95-9b34f426bf42",
      "v" : 16,
      "vertGravity" : "center",
      "widthPolicy" : "naturalSize",
      "x" : 382,
      "y" : 30
    }, {
      "binding" : "client.data.threshold",
      "borderColor" : "Default",
      "borderRadius" : 4,
      "borderThickness" : 0,
      "defaultValue" : 0.5,
      "flavor" : "text",
      "heightPolicy" : "naturalSize",
      "horzGravity" : "center",
      "maxValue" : 0.99,
      "minValue" : 0.1,
      "name" : "InputReal1",
      "optional" : true,
      "placeholder" : "0.5",
      "type" : "InputReal",
      "units" : "",
      "uuid" : "da0857b0-3e6f-49eb-8bb3-e8977bbbc529",
      "v" : 16,
      "vertGravity" : "center",
      "widthPolicy" : "sizeToCell",
      "x" : 220,
      "y" : 10
    }, {
      "borderColor" : "Default",
      "borderRadius" : 4,
      "borderThickness" : 2,
      "defaultMinimumHeight" : 300,
      "defaultMinimumWidth" : 200,
      "h" : 622,
      "heightPolicy" : "explicit",
      "horzGravity" : "center",
      "horzizontalScrollPolicy" : "none",
      "html" : "<canvas id=\"cameracanvas\" width=\"1024\" height=\"768\">Canvas not supported</canvas>",
      "name" : "StaticHtml4",
      "type" : "StaticHtml",
      "uuid" : "eef2e594-80b3-47d6-8dd7-96dda75b2932",
      "v" : 16,
      "vertGravity" : "center",
      "verticalScrollPolicy" : "none",
      "w" : 819,
      "widthPolicy" : "explicit"
    } ]
  },
  "data" : {
    "properties" : { }
  },
  "footerChildren" : [ ],
  "hasFooter" : false,
  "layoutType" : "browser",
  "responseTopic" : "/my/response/topic"
}