{
  "controllers" : {
    "client" : { },
    "dataStream" : { },
    "page" : {
      "Start" : {
        "widgets" : {
          "按钮29" : {
            "onClick" : "var mapWidget = client.getWidget(\"MyBaiduMap\");\nvar map = mapWidget.map;\n\tvar point = new BMap.Point(116.404, 39.915);\n\tmap.centerAndZoom(point, 15);\n\t\n\tvar marker = new BMap.Marker(new BMap.Point(116.404, 39.915));  // 创建标注\n\tmap.addOverlay(marker);              // 将标注添加到地图中\n\t\n\tvar polyline = new BMap.Polyline([\n\t\tnew BMap.Point(116.399, 39.910),\n\t\tnew BMap.Point(116.405, 39.920),\n\t\tnew BMap.Point(116.425, 39.900)\n\t], {strokeColor:\"blue\", strokeWeight:6, strokeOpacity:0.5});\n\tmap.addOverlay(polyline);          //增加折线\n\t\n\tvar circle = new BMap.Circle(point,500);\n\tmap.addOverlay(circle);            //增加圆\n"
          },
          "按钮30" : {
            "onClick" : "var mapWidget = client.getWidget(\"MyBaiduMap\");\nvar map = mapWidget.map;  \nmap.centerAndZoom(new BMap.Point(116.404, 39.915), 15);\n\nvar myDrawingManagerObject = new BMapLib.DrawingManager(map, {isOpen: true,\n    drawingType: BMAP_DRAWING_RECTANGLE, \n    enableDrawingTool: true,\n    enableCalculate: false,\n    drawingToolOptions: {\n        anchor: BMAP_ANCHOR_TOP_LEFT,\n        offset: new BMap.Size(5, 5),\n        drawingTypes : [\n            BMAP_DRAWING_MARKER,\n            BMAP_DRAWING_CIRCLE,\n            BMAP_DRAWING_POLYLINE,\n            BMAP_DRAWING_POLYGON,\n            BMAP_DRAWING_RECTANGLE \n         ]\n    },\n    polylineOptions: {\n        strokeColor: \"#333\"\n    }});"
          },
          "按钮31" : {
            "onClick" : "var mapWidget = client.getWidget(\"MyBaiduMap\");\nvar map = mapWidget.map;\n\n//\n//\tDescribe some known locations\n//\nvar hauntedMansion = new BMap.Point(116.404, 39.915);\n\tmap.centerAndZoom(hauntedMansion, 15);\nvar myIcon = new BMap.Icon(\"http://lbsyun.baidu.com/jsdemo/img/fox.gif\", new BMap.Size(300,157));\nvar marker2 = new BMap.Marker(hauntedMansion,{icon:myIcon});  // 创建标注\n\nmap.addOverlay(marker2);     \n"
          },
          "按钮32" : {
            "onClick" : "var mapWidget = client.getWidget(\"MyBaiduMap\");\nvar map = mapWidget.map;    \nvar point = new BMap.Point(116.418261, 39.921984);\n    map.centerAndZoom(point, 15);             // 初始化地图，设置中心点坐标和地图级别\n    map.enableScrollWheelZoom(); // 允许滚轮缩放\n  \n    var points =[\n    {\"lng\":116.418261,\"lat\":39.921984,\"count\":50},\n    {\"lng\":116.423332,\"lat\":39.916532,\"count\":51},\n    {\"lng\":116.419787,\"lat\":39.930658,\"count\":15},\n    {\"lng\":116.418455,\"lat\":39.920921,\"count\":40},\n    {\"lng\":116.418843,\"lat\":39.915516,\"count\":100},\n    {\"lng\":116.42546,\"lat\":39.918503,\"count\":6},\n    {\"lng\":116.423289,\"lat\":39.919989,\"count\":18},\n    {\"lng\":116.418162,\"lat\":39.915051,\"count\":80},\n    {\"lng\":116.422039,\"lat\":39.91782,\"count\":11},\n    {\"lng\":116.41387,\"lat\":39.917253,\"count\":7},\n    {\"lng\":116.41773,\"lat\":39.919426,\"count\":42},\n    {\"lng\":116.421107,\"lat\":39.916445,\"count\":4},\n    {\"lng\":116.417521,\"lat\":39.917943,\"count\":27},\n    {\"lng\":116.419812,\"lat\":39.920836,\"count\":23},\n    {\"lng\":116.420682,\"lat\":39.91463,\"count\":60},\n    {\"lng\":116.415424,\"lat\":39.924675,\"count\":8},\n    {\"lng\":116.419242,\"lat\":39.914509,\"count\":15},\n    {\"lng\":116.422766,\"lat\":39.921408,\"count\":25},\n    {\"lng\":116.421674,\"lat\":39.924396,\"count\":21},\n    {\"lng\":116.427268,\"lat\":39.92267,\"count\":1},\n    {\"lng\":116.417721,\"lat\":39.920034,\"count\":51},\n    {\"lng\":116.412456,\"lat\":39.92667,\"count\":7},\n    {\"lng\":116.420432,\"lat\":39.919114,\"count\":11},\n    {\"lng\":116.425013,\"lat\":39.921611,\"count\":35},\n    {\"lng\":116.418733,\"lat\":39.931037,\"count\":22},\n    {\"lng\":116.419336,\"lat\":39.931134,\"count\":4},\n    {\"lng\":116.413557,\"lat\":39.923254,\"count\":5},\n    {\"lng\":116.418367,\"lat\":39.92943,\"count\":3},\n    {\"lng\":116.424312,\"lat\":39.919621,\"count\":100},\n    {\"lng\":116.423874,\"lat\":39.919447,\"count\":87},\n    {\"lng\":116.424225,\"lat\":39.923091,\"count\":32},\n    {\"lng\":116.417801,\"lat\":39.921854,\"count\":44},\n    {\"lng\":116.417129,\"lat\":39.928227,\"count\":21},\n    {\"lng\":116.426426,\"lat\":39.922286,\"count\":80},\n    {\"lng\":116.421597,\"lat\":39.91948,\"count\":32},\n    {\"lng\":116.423895,\"lat\":39.920787,\"count\":26},\n    {\"lng\":116.423563,\"lat\":39.921197,\"count\":17},\n    {\"lng\":116.417982,\"lat\":39.922547,\"count\":17},\n    {\"lng\":116.426126,\"lat\":39.921938,\"count\":25},\n    {\"lng\":116.42326,\"lat\":39.915782,\"count\":100},\n    {\"lng\":116.419239,\"lat\":39.916759,\"count\":39},\n    {\"lng\":116.417185,\"lat\":39.929123,\"count\":11},\n    {\"lng\":116.417237,\"lat\":39.927518,\"count\":9},\n    {\"lng\":116.417784,\"lat\":39.915754,\"count\":47},\n    {\"lng\":116.420193,\"lat\":39.917061,\"count\":52},\n    {\"lng\":116.422735,\"lat\":39.915619,\"count\":100},\n    {\"lng\":116.418495,\"lat\":39.915958,\"count\":46},\n    {\"lng\":116.416292,\"lat\":39.931166,\"count\":9},\n    {\"lng\":116.419916,\"lat\":39.924055,\"count\":8},\n    {\"lng\":116.42189,\"lat\":39.921308,\"count\":11},\n    {\"lng\":116.413765,\"lat\":39.929376,\"count\":3},\n    {\"lng\":116.418232,\"lat\":39.920348,\"count\":50},\n    {\"lng\":116.417554,\"lat\":39.930511,\"count\":15},\n    {\"lng\":116.418568,\"lat\":39.918161,\"count\":23},\n    {\"lng\":116.413461,\"lat\":39.926306,\"count\":3},\n    {\"lng\":116.42232,\"lat\":39.92161,\"count\":13},\n    {\"lng\":116.4174,\"lat\":39.928616,\"count\":6},\n    {\"lng\":116.424679,\"lat\":39.915499,\"count\":21},\n    {\"lng\":116.42171,\"lat\":39.915738,\"count\":29},\n    {\"lng\":116.417836,\"lat\":39.916998,\"count\":99},\n    {\"lng\":116.420755,\"lat\":39.928001,\"count\":10},\n    {\"lng\":116.414077,\"lat\":39.930655,\"count\":14},\n    {\"lng\":116.426092,\"lat\":39.922995,\"count\":16},\n    {\"lng\":116.41535,\"lat\":39.931054,\"count\":15},\n    {\"lng\":116.413022,\"lat\":39.921895,\"count\":13},\n    {\"lng\":116.415551,\"lat\":39.913373,\"count\":17},\n    {\"lng\":116.421191,\"lat\":39.926572,\"count\":1},\n    {\"lng\":116.419612,\"lat\":39.917119,\"count\":9},\n    {\"lng\":116.418237,\"lat\":39.921337,\"count\":54},\n    {\"lng\":116.423776,\"lat\":39.921919,\"count\":26},\n    {\"lng\":116.417694,\"lat\":39.92536,\"count\":17},\n    {\"lng\":116.415377,\"lat\":39.914137,\"count\":19},\n    {\"lng\":116.417434,\"lat\":39.914394,\"count\":43},\n    {\"lng\":116.42588,\"lat\":39.922622,\"count\":27},\n    {\"lng\":116.418345,\"lat\":39.919467,\"count\":8},\n    {\"lng\":116.426883,\"lat\":39.917171,\"count\":3},\n    {\"lng\":116.423877,\"lat\":39.916659,\"count\":34},\n    {\"lng\":116.415712,\"lat\":39.915613,\"count\":14},\n    {\"lng\":116.419869,\"lat\":39.931416,\"count\":12},\n    {\"lng\":116.416956,\"lat\":39.925377,\"count\":11},\n    {\"lng\":116.42066,\"lat\":39.925017,\"count\":38},\n    {\"lng\":116.416244,\"lat\":39.920215,\"count\":91},\n    {\"lng\":116.41929,\"lat\":39.915908,\"count\":54},\n    {\"lng\":116.422116,\"lat\":39.919658,\"count\":21},\n    {\"lng\":116.4183,\"lat\":39.925015,\"count\":15},\n    {\"lng\":116.421969,\"lat\":39.913527,\"count\":3},\n    {\"lng\":116.422936,\"lat\":39.921854,\"count\":24},\n    {\"lng\":116.41905,\"lat\":39.929217,\"count\":12},\n    {\"lng\":116.424579,\"lat\":39.914987,\"count\":57},\n    {\"lng\":116.42076,\"lat\":39.915251,\"count\":70},\n    {\"lng\":116.425867,\"lat\":39.918989,\"count\":8}];\n   \n\n\theatmapOverlay = new BMapLib.HeatmapOverlay({\"radius\":20});\n\tmap.addOverlay(heatmapOverlay);\n\theatmapOverlay.setDataSet({data:points,max:100});"
          }
        }
      }
    }
  },
  "isLaunchable" : false,
  "models" : {
    "dataObjects" : {
      "__GLOBAL__" : {
        "properties" : { }
      },
      "__PARAMETERS__" : {
        "properties" : { }
      }
    },
    "dataStreams" : [ ]
  },
  "name" : "BaiduMapsExample",
  "options" : {
    "badgeCount" : 0,
    "description" : "",
    "showGridWhileEditing" : true,
    "theme" : {
      "accentColor1" : "#040fdb",
      "backgroundColor" : "#f0f2f5",
      "borderColor" : "#000000",
      "foregroundColor" : "#000000",
      "label" : "Light",
      "name" : "light",
      "v" : 2
    },
    "v" : 3
  },
  "targetDevice" : "all",
  "userList" : [ ],
  "views" : {
    "Start" : {
      "bodyChildren" : [ {
        "CSSClass" : "vantiqVerticalLayout",
        "actionMenuLabel" : null,
        "actionMenuTopic" : null,
        "borderColor" : "Default",
        "borderWidth" : 2,
        "h" : 284,
        "heightPolicy" : 0,
        "horzGravity" : 4,
        "horzMargin" : 10,
        "innerMargin" : 20,
        "isDraggable" : true,
        "isSelectable" : true,
        "kids" : [ {
          "CSSClass" : "vantiqButton",
          "actionMenuLabel" : null,
          "actionMenuTopic" : null,
          "borderColor" : "Default",
          "borderWidth" : 0,
          "buttonBackgroundColor" : "platform",
          "buttonLabel" : "Enable Drawing",
          "buttonLabelColor" : "platform",
          "buttonLabelSize" : 18,
          "buttonLabelStyle" : "plain",
          "h" : 50,
          "heightPolicy" : 0,
          "horzGravity" : 4,
          "horzMargin" : 10,
          "innerMargin" : 0,
          "isDraggable" : true,
          "isSelectable" : true,
          "label" : "",
          "labelAlign" : "center",
          "labelColor" : "#000000",
          "labelFontSize" : 14,
          "labelStyle" : "plain",
          "name" : "按钮30",
          "type" : "PIInlineButton",
          "v" : 14,
          "value" : 100,
          "vertGravity" : 4,
          "vertMargin" : 10,
          "w" : 154,
          "widthPolicy" : 2,
          "x" : 10,
          "y" : 10
        }, {
          "CSSClass" : "vantiqButton",
          "actionMenuLabel" : null,
          "actionMenuTopic" : null,
          "borderColor" : "Default",
          "borderWidth" : 0,
          "buttonBackgroundColor" : "platform",
          "buttonLabel" : "Add Marker",
          "buttonLabelColor" : "platform",
          "buttonLabelSize" : 18,
          "buttonLabelStyle" : "plain",
          "h" : 50,
          "heightPolicy" : 0,
          "horzGravity" : 4,
          "horzMargin" : 10,
          "innerMargin" : 0,
          "isDraggable" : true,
          "isSelectable" : true,
          "label" : "",
          "labelAlign" : "center",
          "labelColor" : "#000000",
          "labelFontSize" : 14,
          "labelStyle" : "plain",
          "name" : "按钮31",
          "type" : "PIInlineButton",
          "v" : 14,
          "value" : 100,
          "vertGravity" : 4,
          "vertMargin" : 10,
          "w" : 154,
          "widthPolicy" : 2,
          "x" : 10,
          "y" : 80
        }, {
          "CSSClass" : "vantiqButton",
          "actionMenuLabel" : null,
          "actionMenuTopic" : null,
          "borderColor" : "Default",
          "borderWidth" : 0,
          "buttonBackgroundColor" : "platform",
          "buttonLabel" : "Heat Map",
          "buttonLabelColor" : "platform",
          "buttonLabelSize" : 18,
          "buttonLabelStyle" : "plain",
          "h" : 50,
          "heightPolicy" : 0,
          "horzGravity" : 4,
          "horzMargin" : 10,
          "innerMargin" : 0,
          "isDraggable" : true,
          "isSelectable" : true,
          "label" : "",
          "labelAlign" : "center",
          "labelColor" : "#000000",
          "labelFontSize" : 14,
          "labelStyle" : "plain",
          "name" : "按钮32",
          "type" : "PIInlineButton",
          "v" : 14,
          "value" : 100,
          "vertGravity" : 4,
          "vertMargin" : 10,
          "w" : 154,
          "widthPolicy" : 2,
          "x" : 10,
          "y" : 150
        }, {
          "CSSClass" : "vantiqButton",
          "actionMenuLabel" : null,
          "actionMenuTopic" : null,
          "borderColor" : "Default",
          "borderWidth" : 0,
          "buttonBackgroundColor" : "platform",
          "buttonLabel" : "Draw Polygon",
          "buttonLabelColor" : "platform",
          "buttonLabelSize" : 18,
          "buttonLabelStyle" : "plain",
          "h" : 50,
          "heightPolicy" : 0,
          "horzGravity" : 4,
          "horzMargin" : 10,
          "innerMargin" : 0,
          "isDraggable" : true,
          "isSelectable" : true,
          "label" : "",
          "labelAlign" : "center",
          "labelColor" : "#000000",
          "labelFontSize" : 14,
          "labelStyle" : "plain",
          "name" : "按钮29",
          "type" : "PIInlineButton",
          "v" : 14,
          "value" : 100,
          "vertGravity" : 4,
          "vertMargin" : 10,
          "w" : 154,
          "widthPolicy" : 2,
          "x" : 10,
          "y" : 220
        } ],
        "name" : "垂直布局30",
        "type" : "VerticalContainer",
        "v" : 14,
        "vertGravity" : 4,
        "vertMargin" : 10,
        "w" : 178,
        "widthPolicy" : 0,
        "x" : 10,
        "y" : 10
      }, {
        "_mapType" : "normal",
        "_pinCenter" : true,
        "actionMenuLabel" : null,
        "actionMenuTopic" : null,
        "borderColor" : "Default",
        "borderWidth" : 2,
        "dataStreamGroupedByFiltersString" : "",
        "dataStreamPropertyList" : [ ],
        "dataStreamUUID" : "",
        "dataType" : null,
        "h" : 390,
        "heightPolicy" : 1,
        "horzGravity" : 4,
        "isDraggable" : true,
        "isSelectable" : true,
        "name" : "MyBaiduMap",
        "naturalKey" : null,
        "operation" : "insert",
        "propertyName" : null,
        "type" : "BaiduMapWidget",
        "v" : 14,
        "vertGravity" : 4,
        "w" : 650,
        "widthPolicy" : 1,
        "x" : 200,
        "y" : 10
      } ],
      "data" : {
        "properties" : { }
      },
      "fields" : [ ],
      "footerChildren" : [ ],
      "layoutType" : "browser",
      "responseTopic" : "/my/response/topic"
    }
  }
}