{
  "bodyChildren" : {
    "rootArray" : [ "f1452aae-e984-4397-91f3-1ab23245ef72" ],
    "widgets" : [ {
      "borderColor" : "Default",
      "borderRadius" : 4,
      "borderThickness" : 0,
      "children" : [ "9b1c5ebe-9508-42b0-8a85-52c852753136", "99bb2a9c-6735-407b-8b27-22ebe09c682f" ],
      "column" : -1,
      "heightPolicy" : "naturalSize",
      "horzGravity" : "center",
      "innerMargin" : 20,
      "name" : "HorizontalLayout108165",
      "row" : 1,
      "type" : "HorizontalLayout",
      "uuid" : "5074e58d-2a77-47dc-860f-48511dba7722",
      "v" : 17,
      "vertGravity" : "center",
      "widthPolicy" : "sizeToCell"
    }, {
      "borderColor" : "Default",
      "borderRadius" : 4,
      "borderThickness" : 0,
      "column" : -1,
      "fontFamily" : "inherit",
      "fontSize" : 20,
      "fontStyle" : "normal",
      "fontWeight" : "normal",
      "heightPolicy" : "naturalSize",
      "horzGravity" : "center",
      "isMultiline" : true,
      "name" : "regionJSONViewer",
      "row" : -1,
      "text" : "",
      "type" : "StaticText",
      "uuid" : "5adcdfcc-7a89-482b-82d1-a39efecd44cc",
      "v" : 17,
      "vertGravity" : "center",
      "vertWeight" : 1,
      "widthPolicy" : "sizeToCell"
    }, {
      "allowHorizontalScrolling" : true,
      "allowVerticalScrolling" : true,
      "borderColor" : "Default",
      "borderRadius" : 4,
      "borderThickness" : 1,
      "children" : [ "5adcdfcc-7a89-482b-82d1-a39efecd44cc" ],
      "column" : -1,
      "heightPolicy" : "sizeToCell",
      "horzGravity" : "center",
      "horzMargin" : 0,
      "name" : "ScrolledLayout15461",
      "row" : 1,
      "type" : "ScrolledLayout",
      "uuid" : "69568687-0ee5-4848-8f4b-0c9172698768",
      "v" : 17,
      "vertGravity" : "center",
      "vertMargin" : 0,
      "vertWeight" : 1,
      "widthPolicy" : "sizeToCell"
    }, {
      "borderColor" : "Default",
      "borderRadius" : 4,
      "borderThickness" : 0,
      "buttonBackgroundColor" : "default",
      "buttonLabel" : "@com.vantiq.component.ui.BoundaryEditor__btn.OK",
      "buttonLabelColor" : "default",
      "buttonLabelSize" : 14,
      "buttonLabelStyle" : "bold",
      "column" : -1,
      "heightPolicy" : "naturalSize",
      "horzGravity" : "right",
      "name" : "Button90853",
      "row" : -1,
      "submitValue" : 100,
      "type" : "Button",
      "uuid" : "99bb2a9c-6735-407b-8b27-22ebe09c682f",
      "v" : 17,
      "vertGravity" : "center",
      "widthPolicy" : "naturalSize"
    }, {
      "borderColor" : "Default",
      "borderRadius" : 4,
      "borderThickness" : 0,
      "buttonBackgroundColor" : "default",
      "buttonLabel" : "Copy to clipboard",
      "buttonLabelColor" : "default",
      "buttonLabelSize" : 14,
      "buttonLabelStyle" : "bold",
      "column" : -1,
      "heightPolicy" : "naturalSize",
      "horzGravity" : "left",
      "name" : "Button90932",
      "row" : 0,
      "submitValue" : 100,
      "type" : "Button",
      "uuid" : "9b1c5ebe-9508-42b0-8a85-52c852753136",
      "v" : 17,
      "vertGravity" : "center",
      "widthPolicy" : "naturalSize"
    }, {
      "borderColor" : "Default",
      "borderRadius" : 4,
      "borderThickness" : 1,
      "children" : [ "69568687-0ee5-4848-8f4b-0c9172698768", "5074e58d-2a77-47dc-860f-48511dba7722" ],
      "column" : -1,
      "h" : 500,
      "heightPolicy" : "explicit",
      "horzGravity" : "center",
      "innerMargin" : 20,
      "name" : "VerticalLayout106979",
      "row" : -1,
      "type" : "VerticalLayout",
      "uuid" : "f1452aae-e984-4397-91f3-1ab23245ef72",
      "v" : 17,
      "vertGravity" : "center",
      "w" : 800,
      "widthPolicy" : "explicit",
      "x" : 0,
      "y" : 0
    } ]
  },
  "data" : {
    "properties" : { }
  },
  "footerChildren" : [ ],
  "hasFooter" : false,
  "layoutType" : "browser"
}