{
  "bodyChildren" : {
    "rootArray" : [ "5da8a54d-f2d6-4321-a625-9f927e9aa008" ],
    "widgets" : [ {
      "borderColor" : "Default",
      "borderRadius" : 4,
      "borderThickness" : 0,
      "column" : 0,
      "fontFamily" : "inherit",
      "fontSize" : 20,
      "fontStyle" : "normal",
      "fontWeight" : "normal",
      "heightPolicy" : "naturalSize",
      "horzGravity" : "left",
      "name" : "StaticText112582",
      "row" : 4,
      "text" : "@label.conversionOnly",
      "type" : "StaticText",
      "uuid" : "0cb602b1-accf-4047-a36a-7109da532e26",
      "v" : 17,
      "vertGravity" : "center",
      "widthPolicy" : "naturalSize"
    }, {
      "borderColor" : "Default",
      "borderRadius" : 4,
      "borderThickness" : 0,
      "buttonBackgroundColor" : "default",
      "buttonLabel" : "@com.vantiq.component.ui.ConvertCoordinates__btn.Save",
      "buttonLabelColor" : "default",
      "buttonLabelSize" : 14,
      "buttonLabelStyle" : "bold",
      "column" : -1,
      "heightPolicy" : "naturalSize",
      "horzGravity" : "center",
      "name" : "saveTrackingRegionBtn",
      "row" : 0,
      "submitValue" : 100,
      "type" : "Button",
      "uuid" : "14b67b10-8066-4b1e-b210-16b6a1c78892",
      "v" : 17,
      "vertGravity" : "center",
      "widthPolicy" : "naturalSize"
    }, {
      "binding" : "client.data.displayingObject.conversionOnly",
      "borderColor" : "Default",
      "borderRadius" : 4,
      "borderThickness" : 0,
      "checkboxLabel" : "",
      "column" : 1,
      "default" : false,
      "heightPolicy" : "naturalSize",
      "horzGravity" : "center",
      "name" : "regionConversionOnly",
      "row" : 4,
      "type" : "Checkbox",
      "uuid" : "2b110180-4eff-469d-9296-43a4ab824dff",
      "v" : 17,
      "vertGravity" : "center",
      "widthPolicy" : "sizeToCell"
    }, {
      "borderColor" : "Default",
      "borderRadius" : 4,
      "borderThickness" : 0,
      "buttonBackgroundColor" : "default",
      "buttonLabel" : "@btn.load",
      "buttonLabelColor" : "default",
      "buttonLabelSize" : 14,
      "buttonLabelStyle" : "bold",
      "column" : -1,
      "heightPolicy" : "naturalSize",
      "horzGravity" : "center",
      "name" : "loadTrackingRegionBtn",
      "row" : 1,
      "submitValue" : 100,
      "type" : "Button",
      "uuid" : "3f44a757-5e35-48af-9a4f-890bd612f2e4",
      "v" : 17,
      "vertGravity" : "center",
      "widthPolicy" : "sizeToCell"
    }, {
      "binding" : "client.data.displayingObject.direction",
      "borderColor" : "Default",
      "borderRadius" : 4,
      "borderThickness" : 0,
      "column" : 1,
      "defaultValue" : "",
      "heightPolicy" : "naturalSize",
      "horzGravity" : "center",
      "inputType" : "text",
      "name" : "regionDirectionInput",
      "optional" : true,
      "placeholder" : "",
      "row" : 3,
      "type" : "InputString",
      "uuid" : "3fb2c291-2307-45f8-8990-82899bda1d3c",
      "v" : 17,
      "vertGravity" : "center",
      "widthPolicy" : "sizeToCell"
    }, {
      "borderColor" : "Default",
      "borderRadius" : 4,
      "borderThickness" : 0,
      "column" : 0,
      "fontFamily" : "inherit",
      "fontSize" : 20,
      "fontStyle" : "normal",
      "fontWeight" : "normal",
      "heightPolicy" : "naturalSize",
      "horzGravity" : "left",
      "name" : "StaticText112583",
      "row" : 5,
      "text" : "@label.conversionSpecification",
      "type" : "StaticText",
      "uuid" : "40e2d28b-a013-4400-8111-8baf6bb9becc",
      "v" : 17,
      "vertGravity" : "center",
      "widthPolicy" : "naturalSize"
    }, {
      "borderColor" : "Default",
      "borderRadius" : 4,
      "borderThickness" : 0,
      "buttonBackgroundColor" : "default",
      "buttonLabel" : "@btn.New",
      "buttonLabelColor" : "default",
      "buttonLabelSize" : 14,
      "buttonLabelStyle" : "bold",
      "column" : -1,
      "heightPolicy" : "naturalSize",
      "horzGravity" : "center",
      "name" : "newTrackingRegionBtn",
      "row" : 0,
      "submitValue" : 100,
      "type" : "Button",
      "uuid" : "4127878e-9997-47d0-8e70-c27dbbc9e212",
      "v" : 17,
      "vertGravity" : "center",
      "widthPolicy" : "naturalSize"
    }, {
      "binding" : "client.data.displayingObject.conversionSpecification",
      "borderColor" : "Default",
      "borderRadius" : 4,
      "borderThickness" : 0,
      "column" : 1,
      "defaultValue" : "",
      "heightPolicy" : "naturalSize",
      "horzGravity" : "center",
      "name" : "regionConversionInput",
      "optional" : true,
      "placeholder" : "",
      "row" : 5,
      "rows" : 5,
      "type" : "MultilineInput",
      "uuid" : "4c896bc6-9725-4ca4-8cda-0ab91e891aa8",
      "v" : 17,
      "vertGravity" : "center",
      "widthPolicy" : "sizeToCell",
      "wordwrap" : true
    }, {
      "borderColor" : "Default",
      "borderThickness" : 0,
      "column" : 2,
      "fontSize" : 20,
      "foregroundColor" : "#196dff",
      "glyphIcon" : "fa-edit",
      "heightPolicy" : "naturalSize",
      "horzGravity" : "center",
      "name" : "iconBoundaryTool",
      "row" : 1,
      "type" : "StaticIcon",
      "uuid" : "4e8f2b6c-9fb1-49a3-a4a9-65267419079a",
      "v" : 17,
      "vertGravity" : "center",
      "widthPolicy" : "naturalSize"
    }, {
      "borderColor" : "Default",
      "borderRadius" : 4,
      "borderThickness" : 1,
      "children" : [ "b81a747e-b749-4052-80b6-7a73ad7957cc", "f7b9583e-ecaa-45ec-823f-f55b4870e56a" ],
      "column" : 0,
      "componentConfiguration" : {
        "configurationProperties" : [ ]
      },
      "componentName" : "com.vantiq.component.ui.TrackingRegionEditor",
      "heightPolicy" : "sizeToCell",
      "horzGravity" : "center",
      "horzMargin" : 5,
      "innerMargin" : 5,
      "isComponent" : true,
      "name" : "TrackingRegionEditor",
      "row" : 0,
      "type" : "VerticalLayout",
      "uuid" : "5da8a54d-f2d6-4321-a625-9f927e9aa008",
      "v" : 17,
      "vertGravity" : "center",
      "vertMargin" : 5,
      "widthPolicy" : "sizeToCell"
    }, {
      "binding" : "client.data.displayingObject.name",
      "borderColor" : "Default",
      "borderRadius" : 4,
      "borderThickness" : 0,
      "column" : 1,
      "defaultValue" : "",
      "heightPolicy" : "naturalSize",
      "horzGravity" : "center",
      "horzWeight" : 1,
      "inputType" : "text",
      "name" : "regionNameInput",
      "optional" : true,
      "placeholder" : "",
      "row" : 0,
      "type" : "InputString",
      "uuid" : "61e875b2-5197-4836-8ba2-1fa2cf8feeec",
      "v" : 17,
      "vertGravity" : "center",
      "widthPolicy" : "sizeToCell"
    }, {
      "borderColor" : "Default",
      "borderRadius" : 4,
      "borderThickness" : 0,
      "column" : 0,
      "fontFamily" : "inherit",
      "fontSize" : 20,
      "fontStyle" : "normal",
      "fontWeight" : "normal",
      "heightPolicy" : "naturalSize",
      "horzGravity" : "left",
      "name" : "StaticText112579",
      "row" : 2,
      "text" : "@com.vantiq.component.ui.DirectionDistanceEditor__label.distance",
      "type" : "StaticText",
      "uuid" : "66ad7b4e-14d4-4d71-a363-d56cd32aa657",
      "v" : 17,
      "vertGravity" : "center",
      "widthPolicy" : "naturalSize"
    }, {
      "binding" : "client.data.displayingObject.boundary",
      "borderColor" : "Default",
      "borderRadius" : 4,
      "borderThickness" : 0,
      "column" : 1,
      "defaultValue" : "",
      "heightPolicy" : "naturalSize",
      "horzGravity" : "center",
      "name" : "regionBoundaryInput",
      "optional" : true,
      "placeholder" : "",
      "row" : 1,
      "rows" : 5,
      "type" : "MultilineInput",
      "uuid" : "679768c4-cdf7-450c-8352-d6a307ea6e07",
      "v" : 17,
      "vertGravity" : "top",
      "widthPolicy" : "sizeToCell",
      "wordwrap" : true
    }, {
      "borderColor" : "Default",
      "borderRadius" : 4,
      "borderThickness" : 0,
      "buttonBackgroundColor" : "default",
      "buttonLabel" : "@btn.View.JSON",
      "buttonLabelColor" : "default",
      "buttonLabelSize" : 14,
      "buttonLabelStyle" : "bold",
      "column" : -1,
      "heightPolicy" : "naturalSize",
      "horzGravity" : "left",
      "horzWeight" : 1,
      "name" : "viewTrackingRegionBtn",
      "row" : 2,
      "submitValue" : 100,
      "type" : "Button",
      "uuid" : "7e0437dd-343c-4998-8bcb-5932357e3987",
      "v" : 17,
      "vertGravity" : "center",
      "widthPolicy" : "naturalSize"
    }, {
      "borderColor" : "Default",
      "borderRadius" : 4,
      "borderThickness" : 0,
      "children" : [ "b2cce0a7-472d-4f37-99c2-b2dcde820db9", "61e875b2-5197-4836-8ba2-1fa2cf8feeec", "edce118e-f178-4bca-80d6-c00e41d640ba", "679768c4-cdf7-450c-8352-d6a307ea6e07", "4e8f2b6c-9fb1-49a3-a4a9-65267419079a", "66ad7b4e-14d4-4d71-a363-d56cd32aa657", "abb75668-b07e-46bd-a2c2-e5ee5bb6ac24", "98a4120e-3dd5-406c-9e76-6284a027b65e", "b00ff0f0-5a24-431d-8db2-ff5ee3d06143", "3fb2c291-2307-45f8-8990-82899bda1d3c", "990dcba4-fa0d-450c-9c5f-33720c0a67de", "0cb602b1-accf-4047-a36a-7109da532e26", "2b110180-4eff-469d-9296-43a4ab824dff", "40e2d28b-a013-4400-8111-8baf6bb9becc", "4c896bc6-9725-4ca4-8cda-0ab91e891aa8", "97b6d7fe-f0be-4990-a227-9844bba9f80a" ],
      "column" : -1,
      "columns" : 3,
      "heightPolicy" : "naturalSize",
      "horzGravity" : "center",
      "name" : "recordPageGrid",
      "row" : -1,
      "rows" : 6,
      "type" : "GridLayout",
      "uuid" : "8342a5e7-ce36-41e2-825d-49f4f45c20d0",
      "v" : 17,
      "vertGravity" : "center",
      "widthPolicy" : "sizeToCell"
    }, {
      "borderColor" : "Default",
      "borderThickness" : 0,
      "column" : 2,
      "fontSize" : 20,
      "foregroundColor" : "#196dff",
      "glyphIcon" : "fa-edit",
      "heightPolicy" : "naturalSize",
      "horzGravity" : "center",
      "name" : "iconConvestionTool",
      "row" : 5,
      "type" : "StaticIcon",
      "uuid" : "97b6d7fe-f0be-4990-a227-9844bba9f80a",
      "v" : 17,
      "vertGravity" : "center",
      "widthPolicy" : "naturalSize"
    }, {
      "borderColor" : "Default",
      "borderThickness" : 0,
      "column" : 2,
      "fontSize" : 20,
      "foregroundColor" : "#196dff",
      "glyphIcon" : "fa-edit",
      "heightPolicy" : "naturalSize",
      "horzGravity" : "center",
      "name" : "iconDistanceTool",
      "row" : 2,
      "type" : "StaticIcon",
      "uuid" : "98a4120e-3dd5-406c-9e76-6284a027b65e",
      "v" : 17,
      "vertGravity" : "center",
      "widthPolicy" : "naturalSize"
    }, {
      "borderColor" : "Default",
      "borderThickness" : 0,
      "column" : 2,
      "fontSize" : 20,
      "foregroundColor" : "#196dff",
      "glyphIcon" : "fa-edit",
      "heightPolicy" : "naturalSize",
      "horzGravity" : "center",
      "name" : "iconDirectionTool",
      "row" : 3,
      "type" : "StaticIcon",
      "uuid" : "990dcba4-fa0d-450c-9c5f-33720c0a67de",
      "v" : 17,
      "vertGravity" : "center",
      "widthPolicy" : "naturalSize"
    }, {
      "binding" : "client.data.displayingObject.distance",
      "borderColor" : "Default",
      "borderRadius" : 4,
      "borderThickness" : 0,
      "column" : 1,
      "defaultValue" : "",
      "heightPolicy" : "naturalSize",
      "horzGravity" : "center",
      "inputType" : "text",
      "name" : "regionDistanceInput",
      "optional" : true,
      "placeholder" : "",
      "row" : 2,
      "type" : "InputString",
      "uuid" : "abb75668-b07e-46bd-a2c2-e5ee5bb6ac24",
      "v" : 17,
      "vertGravity" : "center",
      "widthPolicy" : "sizeToCell"
    }, {
      "borderColor" : "Default",
      "borderRadius" : 4,
      "borderThickness" : 0,
      "column" : 0,
      "fontFamily" : "inherit",
      "fontSize" : 20,
      "fontStyle" : "normal",
      "fontWeight" : "normal",
      "heightPolicy" : "naturalSize",
      "horzGravity" : "left",
      "name" : "StaticText112578",
      "row" : 3,
      "text" : "@com.vantiq.component.ui.DirectionDistanceEditor__label.direction",
      "type" : "StaticText",
      "uuid" : "b00ff0f0-5a24-431d-8db2-ff5ee3d06143",
      "v" : 17,
      "vertGravity" : "center",
      "widthPolicy" : "naturalSize"
    }, {
      "borderColor" : "Default",
      "borderRadius" : 4,
      "borderThickness" : 0,
      "column" : 0,
      "fontFamily" : "inherit",
      "fontSize" : 18,
      "fontStyle" : "normal",
      "fontWeight" : "normal",
      "heightPolicy" : "naturalSize",
      "horzGravity" : "left",
      "name" : "StaticTextName1",
      "row" : 0,
      "text" : "@com.vantiq.component.ui.ConvertCoordinates__label.Name",
      "type" : "StaticText",
      "uuid" : "b2cce0a7-472d-4f37-99c2-b2dcde820db9",
      "v" : 17,
      "vertGravity" : "center",
      "widthPolicy" : "naturalSize"
    }, {
      "backgroundColor" : "default",
      "borderColor" : "Default",
      "borderRadius" : 4,
      "borderThickness" : 1,
      "children" : [ "4127878e-9997-47d0-8e70-c27dbbc9e212", "3f44a757-5e35-48af-9a4f-890bd612f2e4", "14b67b10-8066-4b1e-b210-16b6a1c78892", "7e0437dd-343c-4998-8bcb-5932357e3987" ],
      "column" : -1,
      "heightPolicy" : "naturalSize",
      "horzGravity" : "left",
      "horzMargin" : 0,
      "innerMargin" : 20,
      "name" : "HLOkCancel",
      "row" : -1,
      "type" : "HorizontalLayout",
      "uuid" : "b81a747e-b749-4052-80b6-7a73ad7957cc",
      "v" : 17,
      "vertGravity" : "bottom",
      "vertMargin" : 0,
      "widthPolicy" : "sizeToCell"
    }, {
      "borderColor" : "Default",
      "borderRadius" : 4,
      "borderThickness" : 0,
      "column" : 0,
      "fontFamily" : "inherit",
      "fontSize" : 18,
      "fontStyle" : "normal",
      "fontWeight" : "normal",
      "heightPolicy" : "naturalSize",
      "horzGravity" : "left",
      "name" : "StaticTextBoundary",
      "row" : 1,
      "text" : "@label.boundary",
      "type" : "StaticText",
      "uuid" : "edce118e-f178-4bca-80d6-c00e41d640ba",
      "v" : 17,
      "vertGravity" : "center",
      "widthPolicy" : "naturalSize"
    }, {
      "allowHorizontalScrolling" : false,
      "allowVerticalScrolling" : true,
      "borderColor" : "Default",
      "borderRadius" : 4,
      "borderThickness" : 0,
      "children" : [ "8342a5e7-ce36-41e2-825d-49f4f45c20d0" ],
      "column" : -1,
      "heightPolicy" : "sizeToCell",
      "horzGravity" : "left",
      "horzMargin" : 0,
      "name" : "ScrolledLayout10",
      "row" : 1,
      "type" : "ScrolledLayout",
      "uuid" : "f7b9583e-ecaa-45ec-823f-f55b4870e56a",
      "v" : 17,
      "vertGravity" : "top",
      "vertMargin" : 0,
      "vertWeight" : 1,
      "widthPolicy" : "sizeToCell"
    } ]
  },
  "data" : {
    "properties" : { }
  },
  "footerChildren" : [ ],
  "hasFooter" : false,
  "layoutType" : "single"
}