{
  "bodyChildren" : {
    "rootArray" : [ "7a3a610b-8a59-4aef-8b11-9fd93e6a5e15" ],
    "widgets" : [ {
      "borderColor" : "Default",
      "borderRadius" : 4,
      "borderThickness" : 0,
      "children" : [ "40538a4f-c5f5-41ee-aa8d-a37ef571d5f9", "30f60b89-5719-4a1d-8a57-4abd4bbb0245", "996ab9fe-7954-4264-961e-93cdd5899a84" ],
      "column" : -1,
      "heightPolicy" : "naturalSize",
      "horzGravity" : "center",
      "horzMargin" : 0,
      "innerMargin" : 5,
      "name" : "HorizontalLayout55158",
      "row" : -1,
      "type" : "HorizontalLayout",
      "uuid" : "2deffb7c-ba6c-42fd-8585-786acba8c47d",
      "v" : 17,
      "vertGravity" : "center",
      "vertMargin" : 0,
      "widthPolicy" : "sizeToCell"
    }, {
      "borderColor" : "Default",
      "borderRadius" : 4,
      "borderThickness" : 0,
      "buttonBackgroundColor" : "default",
      "buttonLabel" : "@btn.Cancel",
      "buttonLabelColor" : "default",
      "buttonLabelSize" : 14,
      "buttonLabelStyle" : "bold",
      "column" : -1,
      "heightPolicy" : "naturalSize",
      "horzGravity" : "right",
      "horzWeight" : 1,
      "name" : "chgBGcancel",
      "row" : 1,
      "submitValue" : 100,
      "type" : "Button",
      "uuid" : "30f60b89-5719-4a1d-8a57-4abd4bbb0245",
      "v" : 17,
      "vertGravity" : "center",
      "widthPolicy" : "naturalSize"
    }, {
      "borderColor" : "Default",
      "borderRadius" : 4,
      "borderThickness" : 0,
      "children" : [ "e73ffc57-a36d-4d91-a8ae-50648d929b1f", "d4b25f44-5440-43e8-85d9-1f12afdde92f" ],
      "column" : -1,
      "heightPolicy" : "naturalSize",
      "horzGravity" : "center",
      "horzMargin" : 0,
      "innerMargin" : 5,
      "name" : "HorizontalLayout55157",
      "row" : 0,
      "type" : "HorizontalLayout",
      "uuid" : "33b5f672-6215-490d-84de-4c8a68d9f719",
      "v" : 17,
      "vertGravity" : "center",
      "vertMargin" : 0,
      "widthPolicy" : "sizeToCell"
    }, {
      "borderColor" : "Default",
      "borderRadius" : 4,
      "borderThickness" : 0,
      "column" : -1,
      "fontFamily" : "inherit",
      "fontSize" : 18,
      "fontStyle" : "normal",
      "fontWeight" : "normal",
      "heightPolicy" : "naturalSize",
      "horzGravity" : "left",
      "name" : "StaticText46652",
      "row" : -1,
      "text" : "@text.enter.url.or.choose.doc",
      "type" : "StaticText",
      "uuid" : "37504c05-4b40-4b82-9f09-3a67d9b68381",
      "v" : 17,
      "vertGravity" : "center",
      "widthPolicy" : "naturalSize"
    }, {
      "borderColor" : "Default",
      "borderRadius" : 4,
      "borderThickness" : 0,
      "buttonBackgroundColor" : "default",
      "buttonLabel" : "@btn.upload.doc",
      "buttonLabelColor" : "default",
      "buttonLabelSize" : 14,
      "buttonLabelStyle" : "bold",
      "column" : -1,
      "heightPolicy" : "naturalSize",
      "horzGravity" : "center",
      "name" : "chgBGupl",
      "row" : 1,
      "submitValue" : 100,
      "type" : "Button",
      "uuid" : "40538a4f-c5f5-41ee-aa8d-a37ef571d5f9",
      "v" : 17,
      "vertGravity" : "center",
      "widthPolicy" : "sizeToCell"
    }, {
      "borderColor" : "Default",
      "borderRadius" : 4,
      "borderThickness" : 0,
      "children" : [ "7a5df8d2-ee45-4589-9563-ad4d086c02ce", "be482e44-2bdf-4564-87f7-666bb9771a04" ],
      "column" : -1,
      "heightPolicy" : "sizeToCell",
      "horzGravity" : "center",
      "horzMargin" : 0,
      "innerMargin" : 5,
      "name" : "HorizontalLayout104362",
      "row" : 2,
      "type" : "HorizontalLayout",
      "uuid" : "45a55fbb-3416-44a0-8273-a707c41ea3c8",
      "v" : 17,
      "vertGravity" : "center",
      "vertMargin" : 0,
      "widthPolicy" : "naturalSize"
    }, {
      "borderColor" : "Default",
      "borderRadius" : 4,
      "borderThickness" : 1,
      "children" : [ "33b5f672-6215-490d-84de-4c8a68d9f719", "37504c05-4b40-4b82-9f09-3a67d9b68381", "45a55fbb-3416-44a0-8273-a707c41ea3c8", "2deffb7c-ba6c-42fd-8585-786acba8c47d" ],
      "column" : -1,
      "h" : 431.8281,
      "heightPolicy" : "explicit",
      "horzGravity" : "center",
      "innerMargin" : 5,
      "name" : "VerticalLayout84548",
      "row" : -1,
      "type" : "VerticalLayout",
      "uuid" : "7a3a610b-8a59-4aef-8b11-9fd93e6a5e15",
      "v" : 17,
      "vertGravity" : "center",
      "w" : 700,
      "widthPolicy" : "explicit",
      "x" : 0,
      "y" : 0
    }, {
      "backgroundColor" : "default",
      "borderColor" : "Default",
      "borderRadius" : 4,
      "borderThickness" : 1,
      "cellFontColor" : "default",
      "cellFontFace" : "inherit",
      "cellFontSize" : 14,
      "cellFontStyle" : "plain",
      "clearOnDataArrive" : true,
      "column" : -1,
      "columnDescriptors" : [ {
        "colorRules" : null,
        "dataType" : "String",
        "propertyName" : "name",
        "selected" : false,
        "title" : "name"
      } ],
      "columnSort" : true,
      "dataStreamGroupedByFiltersString" : "",
      "dataStreamUUID" : "4d762393-9603-4fa9-8401-c9b7672d72d2",
      "dataType" : null,
      "headerFontColor" : "default",
      "headerFontFace" : "inherit",
      "headerFontSize" : 14,
      "headerFontStyle" : "plain",
      "heightPolicy" : "naturalSize",
      "horzGravity" : "center",
      "name" : "chgBGdt",
      "operation" : "insert",
      "row" : -1,
      "rowsPerPage" : 5,
      "showMaximizeButton" : false,
      "showPaging" : true,
      "type" : "DataTable",
      "uuid" : "7a5df8d2-ee45-4589-9563-ad4d086c02ce",
      "v" : 17,
      "vertGravity" : "top",
      "w" : 350,
      "widthPolicy" : "explicit"
    }, {
      "borderColor" : "Default",
      "borderRadius" : 4,
      "borderThickness" : 0,
      "buttonBackgroundColor" : "default",
      "buttonLabel" : "@btn.OK",
      "buttonLabelColor" : "default",
      "buttonLabelSize" : 14,
      "buttonLabelStyle" : "bold",
      "column" : -1,
      "heightPolicy" : "naturalSize",
      "horzGravity" : "right",
      "name" : "chgBGok",
      "row" : -1,
      "submitValue" : 100,
      "type" : "Button",
      "uuid" : "996ab9fe-7954-4264-961e-93cdd5899a84",
      "v" : 17,
      "vertGravity" : "center",
      "widthPolicy" : "naturalSize"
    }, {
      "borderColor" : "Default",
      "borderRadius" : 4,
      "borderThickness" : 0,
      "column" : -1,
      "heightPolicy" : "naturalSize",
      "horzGravity" : "center",
      "horzMargin" : 0,
      "name" : "imagePreview",
      "row" : -1,
      "type" : "ImageViewer",
      "url" : "http://vantiq.com/wp-content/uploads/2018/08/Vantiq_Logo_NOtag_color_tiny-300x59.png",
      "uuid" : "be482e44-2bdf-4564-87f7-666bb9771a04",
      "v" : 17,
      "vertGravity" : "top",
      "vertMargin" : 0,
      "w" : 300,
      "widthPolicy" : "explicit"
    }, {
      "binding" : "client.data.currentUrl",
      "borderColor" : "Default",
      "borderRadius" : 4,
      "borderThickness" : 0,
      "column" : -1,
      "defaultValue" : "",
      "heightPolicy" : "naturalSize",
      "horzGravity" : "left",
      "horzWeight" : 1,
      "inputType" : "text",
      "name" : "urlInput",
      "optional" : true,
      "placeholder" : "",
      "row" : -1,
      "type" : "InputString",
      "uuid" : "d4b25f44-5440-43e8-85d9-1f12afdde92f",
      "v" : 17,
      "vertGravity" : "center",
      "widthPolicy" : "sizeToCell"
    }, {
      "borderColor" : "Default",
      "borderRadius" : 4,
      "borderThickness" : 0,
      "column" : -1,
      "fontFamily" : "inherit",
      "fontSize" : 18,
      "fontStyle" : "normal",
      "fontWeight" : "normal",
      "heightPolicy" : "naturalSize",
      "horzGravity" : "left",
      "name" : "StaticText106604",
      "row" : 0,
      "text" : "@label.url",
      "type" : "StaticText",
      "uuid" : "e73ffc57-a36d-4d91-a8ae-50648d929b1f",
      "v" : 17,
      "vertGravity" : "center",
      "widthPolicy" : "naturalSize"
    } ]
  },
  "data" : {
    "properties" : { }
  },
  "footerChildren" : [ ],
  "hasFooter" : false,
  "layoutType" : "browser"
}