{
  "bodyChildren" : {
    "rootArray" : [ "bf984794-dcbe-4277-a51f-228badb85e60" ],
    "widgets" : [ {
      "borderColor" : "Default",
      "borderRadius" : 4,
      "borderThickness" : 0,
      "column" : -1,
      "h" : 314,
      "heightPolicy" : "explicit",
      "horzGravity" : "center",
      "name" : "imageCanvas",
      "row" : -1,
      "type" : "Canvas",
      "uuid" : "096f4f82-a0f6-4173-bfef-52dc0e5e4f95",
      "v" : 17,
      "vertGravity" : "center",
      "w" : 565,
      "widthPolicy" : "explicit",
      "x" : 0,
      "y" : 0
    }, {
      "borderColor" : "Default",
      "borderThickness" : 1,
      "children" : [ "096f4f82-a0f6-4173-bfef-52dc0e5e4f95" ],
      "column" : -1,
      "heatmapConfig" : null,
      "heatmapOpacity" : 0.4,
      "heatmapRadius" : 40,
      "heightPolicy" : "sizeToCell",
      "horzGravity" : "center",
      "horzImageGravity" : "left",
      "innerMargin" : 20,
      "name" : "imageLayout",
      "row" : -1,
      "type" : "FixedLayout",
      "url" : "../../docs/entranceSample.png",
      "uuid" : "488d59ce-6920-4129-9c15-f6024eb6c53d",
      "v" : 17,
      "vertGravity" : "center",
      "vertImageGravity" : "top",
      "widthPolicy" : "sizeToCell"
    }, {
      "borderColor" : "Default",
      "borderRadius" : 4,
      "borderThickness" : 0,
      "children" : [ "488d59ce-6920-4129-9c15-f6024eb6c53d" ],
      "column" : -1,
      "heightPolicy" : "sizeToCell",
      "horzGravity" : "center",
      "horzMargin" : 5,
      "innerMargin" : 20,
      "name" : "HorizontalLayout107256",
      "row" : 1,
      "type" : "HorizontalLayout",
      "uuid" : "4e474b15-48ed-434c-8057-e7fcf199dd2d",
      "v" : 17,
      "vertGravity" : "center",
      "vertMargin" : 5,
      "vertWeight" : 1,
      "widthPolicy" : "sizeToCell"
    }, {
      "borderColor" : "Default",
      "borderRadius" : 4,
      "borderThickness" : 0,
      "children" : [ "b383d868-333a-428a-85f8-d7a0f12ff95e", "b1a0ceeb-326f-4e06-8ac9-354cfe5a1f4b", "dd69f535-6f3c-4908-b226-8d0f936b75f7" ],
      "column" : -1,
      "heightPolicy" : "naturalSize",
      "horzGravity" : "center",
      "horzMargin" : 5,
      "innerMargin" : 20,
      "name" : "HorizontalLayout107255",
      "row" : 0,
      "type" : "HorizontalLayout",
      "uuid" : "5f5dc7d3-dc81-460f-81b1-f1dd486e32cd",
      "v" : 17,
      "vertGravity" : "center",
      "vertMargin" : 5,
      "widthPolicy" : "sizeToCell"
    }, {
      "borderColor" : "Default",
      "borderRadius" : 4,
      "borderThickness" : 0,
      "column" : -1,
      "defaultValue" : null,
      "flavor" : "text",
      "heightPolicy" : "naturalSize",
      "horzGravity" : "center",
      "maxValue" : 100,
      "minValue" : 0,
      "name" : "valueInput",
      "optional" : true,
      "placeholder" : "",
      "row" : 0,
      "type" : "InputInteger",
      "units" : "",
      "uuid" : "b1a0ceeb-326f-4e06-8ac9-354cfe5a1f4b",
      "v" : 17,
      "vertGravity" : "center",
      "w" : 200,
      "widthPolicy" : "explicit"
    }, {
      "borderColor" : "Default",
      "borderRadius" : 4,
      "borderThickness" : 0,
      "column" : -1,
      "fontFamily" : "inherit",
      "fontSize" : 20,
      "fontStyle" : "normal",
      "fontWeight" : "normal",
      "heightPolicy" : "naturalSize",
      "horzGravity" : "center",
      "name" : "valueLabel",
      "row" : -1,
      "text" : "@label.distance",
      "type" : "StaticText",
      "uuid" : "b383d868-333a-428a-85f8-d7a0f12ff95e",
      "v" : 17,
      "vertGravity" : "center",
      "widthPolicy" : "naturalSize"
    }, {
      "borderColor" : "Default",
      "borderRadius" : 4,
      "borderThickness" : 0,
      "children" : [ "5f5dc7d3-dc81-460f-81b1-f1dd486e32cd", "4e474b15-48ed-434c-8057-e7fcf199dd2d" ],
      "column" : 0,
      "componentConfiguration" : {
        "configurationProperties" : [ ]
      },
      "componentName" : "com.vantiq.component.ui.DirectionDistanceEditor",
      "heightPolicy" : "sizeToCell",
      "horzGravity" : "center",
      "innerMargin" : 5,
      "isComponent" : true,
      "name" : "DirectionDistanceEditor",
      "row" : 0,
      "type" : "VerticalLayout",
      "uuid" : "bf984794-dcbe-4277-a51f-228badb85e60",
      "v" : 17,
      "vertGravity" : "center",
      "widthPolicy" : "sizeToCell"
    }, {
      "borderColor" : "Default",
      "borderRadius" : 4,
      "borderThickness" : 0,
      "buttonBackgroundColor" : "default",
      "buttonLabel" : "@btn.change.image",
      "buttonLabelColor" : "default",
      "buttonLabelSize" : 14,
      "buttonLabelStyle" : "bold",
      "column" : -1,
      "heightPolicy" : "naturalSize",
      "horzGravity" : "right",
      "horzWeight" : 1,
      "name" : "changeBGBtn",
      "row" : -1,
      "submitValue" : 100,
      "type" : "Button",
      "uuid" : "dd69f535-6f3c-4908-b226-8d0f936b75f7",
      "v" : 17,
      "vertGravity" : "center",
      "widthPolicy" : "naturalSize"
    } ]
  },
  "data" : {
    "properties" : { }
  },
  "footerChildren" : [ ],
  "hasFooter" : false,
  "layoutType" : "single"
}