{
  "ars_relationships" : [ ],
  "configurationMappings" : { },
  "configurationProperties" : { },
  "isAssembly" : true,
  "links" : [ {
    "source" : "client/com.vantiq.clientcomponent.BatteryIndicator",
    "target" : "topic//my/response/topic"
  }, {
    "source" : "client/com.vantiq.clientcomponent.Thermometer",
    "target" : "topic//my/response/topic"
  } ],
  "name" : "GaugeWidgets",
  "options" : {
    "description" : "The BatteryIndicator and Thermometer Components are gauge-like widgets to show the status of battery or thermometer devices. The high/valid/low values and colors are configuration properties. The display value is programmatically set using the *setBattery* or *setTemp* JavaScript Call-in Functions.",
    "dockCollapsed" : {
      "bottom" : false,
      "left" : false,
      "right" : false,
      "top" : false,
      "viewtabs" : false
    },
    "dockDimensions" : {
      "bottom" : 200,
      "debug" : [ 0, 0, 0 ],
      "left" : 378,
      "right" : 220,
      "top" : 0,
      "viewtabs" : 0
    },
    "filterBitArray" : "ffffffffffffffffffffffffffffffff",
    "isModeloProject" : true,
    "layoutStyle" : "flex",
    "openFolders" : [ "com.vantiq.clientcomponent", "com.vantiq.clientcomponent/client" ],
    "partitionsSettings" : { },
    "rootViewFlavor" : 5,
    "showGrid" : true,
    "structure" : {
      "fraction" : 1,
      "type" : "R[1]"
    },
    "type" : "dev",
    "v" : 6,
    "viewUUID" : "MAINVIEW"
  },
  "partitions" : [ ],
  "resources" : [ {
    "name" : "/my/response/topic",
    "resourceReference" : "/topics//my/response/topic",
    "type" : 10
  }, {
    "label" : "com.vantiq.clientcomponent.BatteryIndicator",
    "name" : "com.vantiq.clientcomponent.BatteryIndicator",
    "resourceReference" : "/system.clients/com.vantiq.clientcomponent.BatteryIndicator",
    "timestamp" : "2025-05-05T17:38:06.096Z",
    "type" : 15
  }, {
    "label" : "com.vantiq.clientcomponent.Thermometer",
    "name" : "com.vantiq.clientcomponent.Thermometer",
    "resourceReference" : "/system.clients/com.vantiq.clientcomponent.Thermometer",
    "timestamp" : "2025-05-05T21:53:38.630Z",
    "type" : 15
  } ],
  "selectData" : { },
  "tools" : [ {
    "isPinned" : false,
    "name" : "Errors",
    "type" : 13
  }, {
    "isPinned" : false,
    "name" : "GaugeWidgets",
    "pane" : {
      "address" : "R[0]",
      "isActive" : true,
      "isActiveTool" : true
    },
    "state" : 8,
    "type" : 120
  }, {
    "dockLocation" : "top",
    "isPinned" : false,
    "name" : "Inactive Panes",
    "type" : 99
  }, {
    "isPinned" : false,
    "name" : "Project Contents",
    "type" : 2
  } ],
  "type" : "dev",
  "views" : [ {
    "name" : "Project Contents",
    "projectToolKeys" : [ "errorviewer/Errors", "assemblies/GaugeWidgets", "tiledock/Inactive Panes", "list/Project Contents" ]
  } ],
  "visibleResources" : [ {
    "resourceReference" : "/system.clients/com.vantiq.clientcomponent.BatteryIndicator"
  }, {
    "resourceReference" : "/system.clients/com.vantiq.clientcomponent.Thermometer"
  } ]
}