{
  "links" : [ ],
  "name" : "PublicUserRegistration",
  "options" : {
    "description" : "Public User Registration Demo\n\nThis demo allows public users to sign up for a VANTIQ account without requiring a VANTIQ employee to manually send them a link. Please note, this registration process only works in an Application Namespace and not in a Developer Namespace. \n\nThis project contains two clients, the first is publicly accessibly (UserRegistration) and the second is private (LandingPage). The public client allows the user to input their name and email and register for a VANTIQ account. The client makes sure that the user has filled out all the fields and has a valid email address. \n\nWhen the user clicks the Register button, a public procedure is called, which generates an email invite. The email invite contains a link with a one time use code, which will grant the user access to VANTIQ. Before the code can be processed, the user will be redirected to keycloak, where they will identify themselves or create an account, and after which the code will be automatically processed and the user will be redirected to the private client. \n\nThe private client will simply show the username of the newly created identity in keycloak to confirm that the user is now logged in. \n",
    "dockCollapsed" : {
      "bottom" : true,
      "left" : false,
      "right" : false,
      "top" : false
    },
    "dockDimensions" : {
      "bottom" : 213,
      "debug" : [ 586.708218474155, 456.958123953099, 870.3336575727461 ],
      "left" : 233,
      "right" : 220,
      "top" : 0
    },
    "dockSort" : 1,
    "filterBitArray" : "ffffffffffffffffffffffffffffffff",
    "isModeloProject" : true,
    "layoutStyle" : "tile",
    "listFlavor" : "tree",
    "openResourceFolders" : {
      "Client" : true,
      "Procedure" : true,
      "Topic" : true,
      "Type" : true
    },
    "showGrid" : true,
    "tileColumns" : 2,
    "tileRows" : 1,
    "type" : "dev",
    "v" : 3
  },
  "resources" : [ {
    "inventory" : {
      "clientHash" : [ ],
      "clients" : [ ],
      "collaborationHash" : [ ],
      "collaborations" : [ ],
      "eventstreamHash" : [ ],
      "eventstreams" : [ ],
      "procedureHash" : [ ],
      "procedures" : [ ],
      "sourceHash" : [ ],
      "sources" : [ ],
      "systemmodelHash" : [ ],
      "systemmodels" : [ ],
      "topicHash" : [ "out" ],
      "topics" : [ "/my/response/topic" ],
      "typeHash" : [ ],
      "types" : [ ]
    },
    "label" : "LandingPage",
    "name" : "LandingPage",
    "node" : {
      "x" : 373.9,
      "y" : 297
    },
    "resourceReference" : "/system.clients/LandingPage",
    "timestamp" : "2020-07-31T21:50:24.572Z",
    "type" : 15
  }, {
    "inventory" : {
      "clientHash" : [ ],
      "clients" : [ ],
      "collaborationHash" : [ ],
      "collaborations" : [ ],
      "eventstreamHash" : [ ],
      "eventstreams" : [ ],
      "procedureHash" : [ "out", "out" ],
      "procedures" : [ "Context.namespace", "ResourceAPI.executeOp" ],
      "sourceHash" : [ ],
      "sources" : [ ],
      "systemmodelHash" : [ ],
      "systemmodels" : [ ],
      "topicHash" : [ ],
      "topics" : [ ],
      "typeHash" : [ ],
      "types" : [ ]
    },
    "label" : "Registration.oauthUserRegistration",
    "name" : "Registration.oauthUserRegistration",
    "node" : {
      "x" : 199.8,
      "y" : 211.8
    },
    "resourceReference" : "/procedures/Registration.oauthUserRegistration",
    "timestamp" : "2020-07-31T21:50:25.426Z",
    "type" : 3
  }, {
    "inventory" : {
      "clientHash" : [ ],
      "clients" : [ ],
      "collaborationHash" : [ ],
      "collaborations" : [ ],
      "eventstreamHash" : [ ],
      "eventstreams" : [ ],
      "procedureHash" : [ ],
      "procedures" : [ ],
      "sourceHash" : [ ],
      "sources" : [ ],
      "systemmodelHash" : [ ],
      "systemmodels" : [ ],
      "topicHash" : [ "out" ],
      "topics" : [ "/my/response/topic" ],
      "typeHash" : [ ],
      "types" : [ ]
    },
    "label" : "UserRegistration",
    "name" : "UserRegistration",
    "node" : {
      "x" : 122.3,
      "y" : 298.1
    },
    "resourceReference" : "/system.clients/UserRegistration",
    "timestamp" : "2020-07-31T21:50:24.572Z",
    "type" : 15
  } ],
  "tools" : [ {
    "dockLocation" : "top",
    "isPinned" : false,
    "name" : "Inactive Panes",
    "pane" : {
      "c" : -1,
      "lastUsed" : 1596232902239,
      "r" : -1
    },
    "type" : 99
  }, {
    "isPinned" : false,
    "name" : "Project Contents",
    "pane" : {
      "c" : -1,
      "lastUsed" : 1596232766270,
      "r" : -1
    },
    "type" : 2
  }, {
    "isPinned" : false,
    "name" : "Errors",
    "pane" : {
      "c" : -1,
      "lastUsed" : 1596232902239,
      "r" : -1
    },
    "type" : 13
  }, {
    "isPinned" : false,
    "name" : "Registration.oauthUserRegistration",
    "pane" : {
      "c" : -1,
      "createdTime" : 1592922142401,
      "lastUsed" : 1596232766282,
      "r" : -1
    },
    "resourceKey" : "procedure/Registration.oauthUserRegistration",
    "type" : 24
  }, {
    "isPinned" : false,
    "name" : "Autopsies",
    "pane" : {
      "c" : -1,
      "lastUsed" : 1596232902239,
      "r" : -1
    },
    "type" : 100
  }, {
    "isPinned" : false,
    "name" : "Log Messages",
    "pane" : {
      "c" : -1,
      "lastUsed" : 1596232902239,
      "r" : -1
    },
    "type" : 12
  }, {
    "isPinned" : false,
    "name" : "Project Description",
    "pane" : {
      "c" : 1,
      "createdTime" : 1595369265531,
      "lastUsed" : 1596232891748,
      "r" : 0
    },
    "type" : 82
  }, {
    "isPinned" : false,
    "name" : "UserRegistration",
    "pane" : {
      "c" : 0,
      "createdTime" : 1595453501430,
      "lastUsed" : 1596232771194,
      "r" : 0
    },
    "resourceKey" : "client/UserRegistration",
    "toolOptions" : {
      "isRunning" : false
    },
    "type" : 63
  }, {
    "isPinned" : false,
    "name" : "Project Resource Graph",
    "pane" : {
      "c" : -1,
      "createdTime" : 1595615840507,
      "lastUsed" : 1595983007785,
      "r" : -1
    },
    "toolOptions" : {
      "scaleAndTranslationState" : {
        "lastZoomRequest" : 0,
        "scale" : 1,
        "translate" : [ 0, 0 ]
      }
    },
    "type" : 1
  }, {
    "isPinned" : false,
    "name" : "LandingPage",
    "pane" : {
      "c" : -1,
      "createdTime" : 1595980179224,
      "lastUsed" : 1595981112217,
      "r" : -1
    },
    "resourceKey" : "client/LandingPage",
    "type" : 63
  } ],
  "type" : "dev",
  "views" : [ {
    "name" : "Main",
    "projectToolKeys" : [ "tiledock/Inactive Panes", "list/Project Contents", "errorviewer/Errors", "cmeditorprocedure/Registration.oauthUserRegistration", "autopsyviewer/Autopsies", "logviewer/Log Messages", "projectdescription/Project Description", "client/UserRegistration", "graph/Project Resource Graph", "client/LandingPage" ]
  } ]
}
