{
  "bodyChildren" : {
    "rootArray" : [ "1b214d8d-bff2-4169-8766-96fa6223044f" ],
    "widgets" : [ {
      "borderColor" : "Default",
      "borderRadius" : 4,
      "borderThickness" : 0,
      "column" : -1,
      "fontFamily" : "inherit",
      "fontSize" : 18,
      "fontStyle" : "normal",
      "fontWeight" : "normal",
      "heightPolicy" : "naturalSize",
      "horzGravity" : "right",
      "horzWeight" : 1,
      "name" : "StaticText113613",
      "row" : -1,
      "text" : "Coordinates Type:",
      "type" : "StaticText",
      "uuid" : "019d79d8-9e70-4284-9d3a-19a496d29ea9",
      "v" : 17,
      "vertGravity" : "center",
      "widthPolicy" : "naturalSize"
    }, {
      "borderColor" : "Default",
      "borderRadius" : 4,
      "borderThickness" : 0,
      "column" : 2,
      "fontFamily" : "inherit",
      "fontSize" : 20,
      "fontStyle" : "normal",
      "fontWeight" : "normal",
      "heightPolicy" : "naturalSize",
      "horzGravity" : "left",
      "name" : "StaticText104289",
      "row" : 2,
      "text" : "C",
      "type" : "StaticText",
      "uuid" : "14cbdbf5-33bd-4ea6-907a-d19ba35dd07c",
      "v" : 17,
      "vertGravity" : "top",
      "widthPolicy" : "naturalSize"
    }, {
      "borderColor" : "Default",
      "borderRadius" : 4,
      "borderThickness" : 1,
      "children" : [ "319342ab-10ff-4a61-833b-3949a09785ca", "452a39c5-36f9-4ba0-81c0-508a285e84e2" ],
      "column" : 0,
      "componentConfiguration" : {
        "configurationProperties" : [ ]
      },
      "componentName" : "com.vantiq.component.ui.ConvertCoordinates",
      "heightPolicy" : "sizeToCell",
      "horzGravity" : "center",
      "innerMargin" : 20,
      "isComponent" : true,
      "name" : "ConvertCoordinates",
      "row" : 0,
      "type" : "HorizontalLayout",
      "uuid" : "1b214d8d-bff2-4169-8766-96fa6223044f",
      "v" : 17,
      "vertGravity" : "center",
      "widthPolicy" : "sizeToCell"
    }, {
      "borderColor" : "Default",
      "borderRadius" : 4,
      "borderThickness" : 0,
      "column" : -1,
      "fontFamily" : "inherit",
      "fontSize" : 20,
      "fontStyle" : "normal",
      "fontWeight" : "normal",
      "heightPolicy" : "naturalSize",
      "horzGravity" : "left",
      "name" : "mapIntroText",
      "row" : 2,
      "text" : "Click on map to place 4 markers.",
      "type" : "StaticText",
      "uuid" : "2d404295-c18d-416c-b83f-345ba1cc8c79",
      "v" : 17,
      "vertGravity" : "center",
      "widthPolicy" : "naturalSize"
    }, {
      "borderColor" : "Default",
      "borderRadius" : 4,
      "borderThickness" : 0,
      "children" : [ "dcd89e4b-b7ac-4c24-b59a-616dfa15e743", "6edf0cd9-2400-4cb2-8b2c-39f62c1f3511", "a6fe50a2-793f-4533-9b78-2a07d489c2d2", "75cadb8d-0f38-4157-8c60-5fb01f4e8e13", "14cbdbf5-33bd-4ea6-907a-d19ba35dd07c" ],
      "column" : -1,
      "columns" : 3,
      "heightPolicy" : "naturalSize",
      "horzGravity" : "center",
      "horzMargin" : 0,
      "name" : "GridLayout136",
      "row" : -1,
      "rows" : 4,
      "type" : "GridLayout",
      "uuid" : "3071599e-9ddd-4306-88b6-1a1fc23bd55b",
      "v" : 17,
      "vertGravity" : "top",
      "vertMargin" : 0,
      "widthPolicy" : "naturalSize"
    }, {
      "borderColor" : "Default",
      "borderRadius" : 4,
      "borderThickness" : 0,
      "children" : [ "a176e15a-fd0e-4ace-95cb-0faa36b06f55", "3071599e-9ddd-4306-88b6-1a1fc23bd55b" ],
      "column" : -1,
      "heightPolicy" : "naturalSize",
      "horzGravity" : "center",
      "innerMargin" : 20,
      "name" : "VerticalLayout107227",
      "row" : 0,
      "type" : "VerticalLayout",
      "uuid" : "319342ab-10ff-4a61-833b-3949a09785ca",
      "v" : 17,
      "vertGravity" : "top",
      "widthPolicy" : "naturalSize"
    }, {
      "borderColor" : "Default",
      "borderRadius" : 4,
      "borderThickness" : 0,
      "children" : [ "bf2d0dc9-5b44-4fb2-b28a-81ee7a13302d", "f31df6b3-fc9c-4ccf-bcc5-d35a4a5e3eb1", "e6a444e5-f07d-41d4-9126-ba0f90ca9148" ],
      "column" : -1,
      "heightPolicy" : "sizeToCell",
      "horzGravity" : "left",
      "horzMargin" : 0,
      "horzWeight" : 1,
      "innerMargin" : 1,
      "name" : "VerticalLayout84558",
      "row" : -1,
      "type" : "VerticalLayout",
      "uuid" : "452a39c5-36f9-4ba0-81c0-508a285e84e2",
      "v" : 17,
      "vertGravity" : "top",
      "vertMargin" : 0,
      "vertWeight" : 1,
      "widthPolicy" : "sizeToCell"
    }, {
      "borderColor" : "Default",
      "borderRadius" : 4,
      "borderThickness" : 0,
      "column" : 2,
      "fontFamily" : "inherit",
      "fontSize" : 20,
      "fontStyle" : "normal",
      "fontWeight" : "normal",
      "heightPolicy" : "naturalSize",
      "horzGravity" : "left",
      "name" : "StaticText104287",
      "row" : 0,
      "text" : "B",
      "type" : "StaticText",
      "uuid" : "6edf0cd9-2400-4cb2-8b2c-39f62c1f3511",
      "v" : 17,
      "vertGravity" : "bottom",
      "widthPolicy" : "naturalSize"
    }, {
      "borderColor" : "Default",
      "borderRadius" : 4,
      "borderThickness" : 0,
      "column" : 0,
      "fontFamily" : "inherit",
      "fontSize" : 20,
      "fontStyle" : "normal",
      "fontWeight" : "normal",
      "heightPolicy" : "naturalSize",
      "horzGravity" : "right",
      "name" : "StaticText104288",
      "row" : 2,
      "text" : "D",
      "type" : "StaticText",
      "uuid" : "75cadb8d-0f38-4157-8c60-5fb01f4e8e13",
      "v" : 17,
      "vertGravity" : "top",
      "widthPolicy" : "naturalSize"
    }, {
      "binding" : "client.data.targetCoorType",
      "borderColor" : "Default",
      "borderRadius" : 4,
      "borderThickness" : 0,
      "column" : -1,
      "default" : "Image",
      "enumeratedList" : [ {
        "label" : "@com.vantiq.component.ui.ConvertCoordinates__label.image",
        "value" : "Image"
      }, {
        "label" : "@com.vantiq.component.ui.ConvertCoordinates__label.map",
        "value" : "Map"
      } ],
      "heightPolicy" : "naturalSize",
      "horzGravity" : "center",
      "name" : "DL_CoorType",
      "row" : -1,
      "type" : "Droplist",
      "uuid" : "75f9a1d7-6c9b-48e3-8ae7-c493bb395e4f",
      "v" : 17,
      "vertGravity" : "center",
      "widthPolicy" : "naturalSize"
    }, {
      "borderColor" : "Default",
      "borderRadius" : 4,
      "borderThickness" : 0,
      "column" : -1,
      "fontFamily" : "inherit",
      "fontSize" : 18,
      "fontStyle" : "normal",
      "fontWeight" : "normal",
      "heightPolicy" : "naturalSize",
      "horzGravity" : "left",
      "name" : "StaticText113587",
      "row" : -1,
      "text" : "Convert 4 corners of the image to the target coordinates.",
      "type" : "StaticText",
      "uuid" : "a176e15a-fd0e-4ace-95cb-0faa36b06f55",
      "v" : 17,
      "vertGravity" : "center",
      "widthPolicy" : "naturalSize"
    }, {
      "borderColor" : "Default",
      "borderThickness" : 0,
      "children" : [ ],
      "column" : 1,
      "h" : 150,
      "heatmapConfig" : null,
      "heatmapOpacity" : 0.4,
      "heatmapRadius" : 40,
      "heightPolicy" : "explicit",
      "horzGravity" : "center",
      "innerMargin" : 20,
      "name" : "cFrameLayout",
      "row" : 1,
      "type" : "FixedLayout",
      "url" : "../../docs/entranceSample.png",
      "uuid" : "a6fe50a2-793f-4533-9b78-2a07d489c2d2",
      "v" : 17,
      "vertGravity" : "center",
      "w" : 200,
      "widthPolicy" : "explicit"
    }, {
      "borderColor" : "Default",
      "borderRadius" : 4,
      "borderThickness" : 0,
      "column" : -1,
      "h" : 242,
      "heightPolicy" : "explicit",
      "horzGravity" : "center",
      "name" : "floorZoneCanvas",
      "row" : -1,
      "type" : "Canvas",
      "uuid" : "bd7f45db-a48a-4bb5-9afd-e7b13a9c5c9d",
      "v" : 17,
      "vertGravity" : "center",
      "w" : 407,
      "widthPolicy" : "explicit",
      "x" : 0,
      "y" : 0
    }, {
      "borderColor" : "Default",
      "borderRadius" : 4,
      "borderThickness" : 0,
      "children" : [ "019d79d8-9e70-4284-9d3a-19a496d29ea9", "75f9a1d7-6c9b-48e3-8ae7-c493bb395e4f", "2d404295-c18d-416c-b83f-345ba1cc8c79", "e568c31c-12ab-4158-8113-8e55d1d4965a", "d70803bd-bdc9-45bd-b53c-09e5a2ce48be" ],
      "column" : -1,
      "heightPolicy" : "naturalSize",
      "horzGravity" : "center",
      "horzMargin" : 0,
      "innerMargin" : 1,
      "name" : "HorizontalLayout108675",
      "row" : 0,
      "type" : "HorizontalLayout",
      "uuid" : "bf2d0dc9-5b44-4fb2-b28a-81ee7a13302d",
      "v" : 17,
      "vertGravity" : "top",
      "vertMargin" : 0,
      "widthPolicy" : "sizeToCell"
    }, {
      "borderColor" : "Default",
      "borderRadius" : 4,
      "borderThickness" : 0,
      "buttonBackgroundColor" : "default",
      "buttonLabel" : "@btn.change.image",
      "buttonLabelColor" : "default",
      "buttonLabelSize" : 14,
      "buttonLabelStyle" : "bold",
      "column" : -1,
      "heightPolicy" : "naturalSize",
      "horzGravity" : "left",
      "name" : "convertCoorChgBgBtn",
      "row" : 2,
      "submitValue" : 100,
      "type" : "Button",
      "uuid" : "d70803bd-bdc9-45bd-b53c-09e5a2ce48be",
      "v" : 17,
      "vertGravity" : "center",
      "widthPolicy" : "naturalSize"
    }, {
      "borderColor" : "Default",
      "borderRadius" : 4,
      "borderThickness" : 0,
      "column" : 0,
      "fontFamily" : "inherit",
      "fontSize" : 20,
      "fontStyle" : "normal",
      "fontWeight" : "normal",
      "heightPolicy" : "naturalSize",
      "horzGravity" : "right",
      "name" : "StaticText104286",
      "row" : 0,
      "text" : "A",
      "type" : "StaticText",
      "uuid" : "dcd89e4b-b7ac-4c24-b59a-616dfa15e743",
      "v" : 17,
      "vertGravity" : "bottom",
      "widthPolicy" : "naturalSize"
    }, {
      "borderColor" : "Default",
      "borderRadius" : 4,
      "borderThickness" : 0,
      "buttonBackgroundColor" : "default",
      "buttonLabel" : "Clear Markers",
      "buttonLabelColor" : "default",
      "buttonLabelSize" : 14,
      "buttonLabelStyle" : "bold",
      "column" : -1,
      "heightPolicy" : "naturalSize",
      "horzGravity" : "center",
      "name" : "clearMarkersBtn",
      "row" : 1,
      "submitValue" : 100,
      "type" : "Button",
      "uuid" : "e568c31c-12ab-4158-8113-8e55d1d4965a",
      "v" : 17,
      "vertGravity" : "center",
      "widthPolicy" : "sizeToCell"
    }, {
      "borderColor" : "Default",
      "borderRadius" : 4,
      "borderThickness" : 1,
      "column" : -1,
      "dataStreamGroupedByFiltersString" : "",
      "dataStreamProperty" : null,
      "dataType" : null,
      "fixedCenter" : true,
      "heightPolicy" : "sizeToCell",
      "horzGravity" : "left",
      "name" : "targetMap",
      "naturalKey" : null,
      "operation" : "insert",
      "row" : -1,
      "type" : "DynamicMapViewer",
      "uuid" : "e6a444e5-f07d-41d4-9126-ba0f90ca9148",
      "v" : 17,
      "vertGravity" : "top",
      "vertWeight" : 1,
      "widthPolicy" : "sizeToCell"
    }, {
      "backgroundImagePosition" : "top",
      "backgroundImageSize" : "contain",
      "borderColor" : "Default",
      "borderThickness" : 1,
      "children" : [ "bd7f45db-a48a-4bb5-9afd-e7b13a9c5c9d" ],
      "column" : -1,
      "heatmapConfig" : null,
      "heatmapOpacity" : 0.4,
      "heatmapRadius" : 40,
      "heightPolicy" : "naturalSize",
      "horzGravity" : "left",
      "horzWeight" : 1,
      "innerMargin" : 20,
      "name" : "floorplanLayout",
      "row" : -1,
      "type" : "FixedLayout",
      "url" : "../../docs/floorplanSample.png",
      "uuid" : "f31df6b3-fc9c-4ccf-bcc5-d35a4a5e3eb1",
      "v" : 17,
      "vertGravity" : "top",
      "vertWeight" : 1,
      "widthPolicy" : "sizeToCell"
    } ]
  },
  "data" : {
    "properties" : {
      "zonePoints" : {
        "defaultLabel" : "zonePoints",
        "defaultValue" : [ ],
        "isArray" : true,
        "type" : "String"
      }
    }
  },
  "footerChildren" : [ ],
  "hasFooter" : false,
  "layoutType" : "single"
}