{
  "bodyChildren" : {
    "rootArray" : [ "077e75f7-5eb1-4ae2-9bf3-ffb4b01cf027" ],
    "widgets" : [ {
      "backgroundColor" : "default",
      "backgroundImagePosition" : "default",
      "backgroundImageRepeat" : "default",
      "backgroundImageSize" : "default",
      "backgroundImageUrl" : "default",
      "borderColor" : "Default",
      "borderRadius" : 4,
      "borderThickness" : 1,
      "children" : [ "c26782b8-eafc-4a49-a0a2-8498ae8aea44" ],
      "column" : 0,
      "componentConfiguration" : {
        "configurationProperties" : [ ]
      },
      "componentName" : "com.vantiq.clientcomponent.Statistics",
      "heightPolicy" : "sizeToCell",
      "horzGravity" : "center",
      "horzMargin" : 0,
      "innerMargin" : 20,
      "isComponent" : true,
      "name" : "Statistics",
      "row" : 0,
      "type" : "VerticalLayout",
      "uuid" : "077e75f7-5eb1-4ae2-9bf3-ffb4b01cf027",
      "v" : 19,
      "vertGravity" : "center",
      "vertMargin" : 0,
      "widthPolicy" : "sizeToCell"
    }, {
      "backgroundColor" : "transparent",
      "borderColor" : "Default",
      "borderRadius" : 4,
      "borderThickness" : 0,
      "column" : -1,
      "fontFace" : "inherit",
      "fontSize" : 14,
      "fontStyle" : "normal",
      "fontWeight" : "normal",
      "glyphIcon" : "glyphicon-arrow-up",
      "heightPolicy" : "naturalSize",
      "horzGravity" : "left",
      "name" : "MenuButton10",
      "row" : -1,
      "text" : "&#916;%",
      "type" : "MenuButton",
      "uuid" : "0e47c804-eed8-4d41-bf8a-979a999ad4fe",
      "v" : 19,
      "vertGravity" : "center",
      "widthPolicy" : "naturalSize"
    }, {
      "backgroundColor" : "transparent",
      "borderColor" : "Default",
      "borderRadius" : 4,
      "borderThickness" : 0,
      "column" : -1,
      "fontFace" : "inherit",
      "fontSize" : 14,
      "fontStyle" : "normal",
      "fontWeight" : "normal",
      "heightPolicy" : "naturalSize",
      "horzGravity" : "left",
      "name" : "MenuButton4",
      "row" : 1,
      "text" : "Title",
      "type" : "MenuButton",
      "uuid" : "7f1357da-61b2-4499-8aa0-676bf26e2e95",
      "v" : 19,
      "vertGravity" : "center",
      "widthPolicy" : "naturalSize"
    }, {
      "backgroundColor" : "default",
      "backgroundImagePosition" : "default",
      "backgroundImageRepeat" : "default",
      "backgroundImageSize" : "default",
      "backgroundImageUrl" : "default",
      "borderColor" : "Default",
      "borderRadius" : 4,
      "borderThickness" : 0,
      "children" : [ "e4c493b4-65b5-4a2d-8cd9-3514fe4ec0ab" ],
      "column" : -1,
      "heightPolicy" : "naturalSize",
      "horzGravity" : "left",
      "innerMargin" : 20,
      "name" : "HorizontalLayout34",
      "row" : 1,
      "type" : "HorizontalLayout",
      "uuid" : "ad7b78db-a3bc-4f42-8f97-2eaa89ea1317",
      "v" : 19,
      "vertGravity" : "center",
      "vertMargin" : 0,
      "widthPolicy" : "naturalSize"
    }, {
      "backgroundColor" : "default",
      "backgroundImagePosition" : "default",
      "backgroundImageRepeat" : "default",
      "backgroundImageSize" : "default",
      "backgroundImageUrl" : "default",
      "borderColor" : "Default",
      "borderRadius" : 4,
      "borderThickness" : 0,
      "children" : [ "d06313bd-b5e5-4140-8b01-51b26796960d", "da1f8835-d068-4486-9a74-08cc15f5c4b0", "ad7b78db-a3bc-4f42-8f97-2eaa89ea1317" ],
      "column" : -1,
      "heightPolicy" : "naturalSize",
      "horzGravity" : "left",
      "horzMargin" : 0,
      "name" : "VerticalLayout18",
      "row" : -1,
      "type" : "VerticalLayout",
      "uuid" : "c26782b8-eafc-4a49-a0a2-8498ae8aea44",
      "v" : 19,
      "vertGravity" : "center",
      "w" : 152,
      "widthPolicy" : "explicit"
    }, {
      "backgroundColor" : "default",
      "backgroundImagePosition" : "default",
      "backgroundImageRepeat" : "default",
      "backgroundImageSize" : "default",
      "backgroundImageUrl" : "default",
      "borderColor" : "Default",
      "borderRadius" : 4,
      "borderThickness" : 0,
      "children" : [ "7f1357da-61b2-4499-8aa0-676bf26e2e95" ],
      "column" : -1,
      "heightPolicy" : "naturalSize",
      "horzGravity" : "left",
      "name" : "HorizontalLayout7",
      "row" : 0,
      "type" : "HorizontalLayout",
      "uuid" : "d06313bd-b5e5-4140-8b01-51b26796960d",
      "v" : 19,
      "vertGravity" : "center",
      "vertMargin" : 0,
      "widthPolicy" : "naturalSize"
    }, {
      "backgroundColor" : "default",
      "backgroundImagePosition" : "default",
      "backgroundImageRepeat" : "default",
      "backgroundImageSize" : "default",
      "backgroundImageUrl" : "default",
      "borderColor" : "Default",
      "borderRadius" : 4,
      "borderThickness" : 0,
      "children" : [ "e3c6ab10-826d-44b2-8f6f-a350bf37594c" ],
      "column" : -1,
      "heightPolicy" : "naturalSize",
      "horzGravity" : "left",
      "innerMargin" : 20,
      "name" : "HorizontalLayout23",
      "row" : 0,
      "type" : "HorizontalLayout",
      "uuid" : "da1f8835-d068-4486-9a74-08cc15f5c4b0",
      "v" : 19,
      "vertGravity" : "center",
      "widthPolicy" : "naturalSize"
    }, {
      "backgroundColor" : "transparent",
      "borderColor" : "Default",
      "borderRadius" : 4,
      "borderThickness" : 0,
      "column" : -1,
      "fontFace" : "inherit",
      "fontSize" : 28,
      "fontStyle" : "normal",
      "fontWeight" : "bold",
      "heightPolicy" : "naturalSize",
      "horzGravity" : "left",
      "name" : "MenuButton5",
      "row" : -1,
      "text" : "Value",
      "type" : "MenuButton",
      "uuid" : "e3c6ab10-826d-44b2-8f6f-a350bf37594c",
      "v" : 19,
      "vertGravity" : "center",
      "widthPolicy" : "naturalSize"
    }, {
      "backgroundColor" : "#8affff",
      "backgroundImagePosition" : "default",
      "backgroundImageRepeat" : "default",
      "backgroundImageSize" : "default",
      "backgroundImageUrl" : "default",
      "borderColor" : "Default",
      "borderRadius" : 4,
      "borderThickness" : 0,
      "children" : [ "0e47c804-eed8-4d41-bf8a-979a999ad4fe" ],
      "column" : -1,
      "heightPolicy" : "naturalSize",
      "horzGravity" : "center",
      "innerMargin" : 20,
      "name" : "HorizontalLayout35",
      "row" : -1,
      "type" : "HorizontalLayout",
      "uuid" : "e4c493b4-65b5-4a2d-8cd9-3514fe4ec0ab",
      "v" : 19,
      "vertGravity" : "center",
      "vertMargin" : 0,
      "widthPolicy" : "naturalSize"
    } ]
  },
  "data" : {
    "properties" : { }
  },
  "footerChildren" : [ ],
  "hasFooter" : false,
  "layoutType" : "single"
}